{"name": "Paris Kadet Trainerifle, Wood & Steel, Bolt Action, Bulk", "unit": "mm", "dimension": {"width": 152.4, "depth": 152.4, "height": 965.2}, "img_urls": ["https://images-na.ssl-images-amazon.com/images/I/41Gxi879yuL.jpg", "https://images-na.ssl-images-amazon.com/images/I/41-QOi3QkuL.jpg", "https://images-na.ssl-images-amazon.com/images/I/51ilpAed98L.jpg", "https://images-na.ssl-images-amazon.com/images/I/41nIL-RtrdL.jpg", "https://images-na.ssl-images-amazon.com/images/I/410eDGWeHFL.jpg"]}