{"name": "Tenergy8.4V 1600Mah Nimh Flat Battery Pack For Airsoft Guns", "unit": "mm", "dimension": {"width": 103.9, "depth": 35.1, "height": 18.5}, "img_urls": ["https://images-na.ssl-images-amazon.com/images/I/41SPZ9HK8hL.jpg", "https://images-na.ssl-images-amazon.com/images/I/41eqknKulEL.jpg", "https://images-na.ssl-images-amazon.com/images/I/51RaAeGj5uL.jpg", "https://images-na.ssl-images-amazon.com/images/I/514568goR6L.jpg", "https://images-na.ssl-images-amazon.com/images/I/51L5fa9cfnL.jpg"]}