{"name": "Condition 1 #227 Black Airtight/Watertight Protective Case with DIY Customizable Foam", "unit": "mm", "dimension": {"width": 501.6, "depth": 400.0, "height": 190.5}, "img_urls": ["https://images-na.ssl-images-amazon.com/images/I/41%2BfdPQONCL.jpg", "https://images-na.ssl-images-amazon.com/images/I/41vaJBnvaZL.jpg", "https://images-na.ssl-images-amazon.com/images/I/41uS%2B-pjwTL.jpg", "https://images-na.ssl-images-amazon.com/images/I/41m%2B8r4G3hL.jpg", "https://images-na.ssl-images-amazon.com/images/I/418gpktoscL.jpg", "https://images-na.ssl-images-amazon.com/images/I/41B7hqMyGUL.jpg"]}