{"name": "Ecloud Shop Black Army Skull Skeleton Airsoft Paintball BB Gun Game Face Mask (Black)", "unit": "mm", "dimension": {"width": 279.9, "depth": 199.9, "height": 100.1}, "img_urls": ["https://images-na.ssl-images-amazon.com/images/I/41-1hM%2BIb5L.jpg", "https://images-na.ssl-images-amazon.com/images/I/410SbhcB%2BoL.jpg", "https://images-na.ssl-images-amazon.com/images/I/4172P8MG7bL.jpg", "https://images-na.ssl-images-amazon.com/images/I/51KHhk87MWL.jpg", "https://images-na.ssl-images-amazon.com/images/I/417Uz8-AyGL.jpg"]}