{"name": "Visionking 6x25 Rangefinder Hunting Golf 600m Camo", "unit": "mm", "dimension": {"width": 150.1, "depth": 59.9, "height": 110.0}, "img_urls": ["https://images-na.ssl-images-amazon.com/images/I/51Apj%2BG6%2BDL.jpg", "https://images-na.ssl-images-amazon.com/images/I/51FFYQ7ASEL.jpg", "https://images-na.ssl-images-amazon.com/images/I/51Ewa9vNMKL.jpg", "https://images-na.ssl-images-amazon.com/images/I/51O3U2GfQnL.jpg", "https://images-na.ssl-images-amazon.com/images/I/51n-wi6X0dL.jpg", "https://images-na.ssl-images-amazon.com/images/I/41fGVA2D3KL.jpg", "https://images-na.ssl-images-amazon.com/images/I/412Ragc9prL.jpg"]}