{"name": "Golf Buddy Laser Rangefinder", "unit": "mm", "dimension": {"width": 72.3, "depth": 41.4, "height": 101.6}, "img_urls": ["https://images-na.ssl-images-amazon.com/images/I/41gExneJmNL.jpg", "https://images-na.ssl-images-amazon.com/images/I/41i-B8S0EhL.jpg", "https://images-na.ssl-images-amazon.com/images/I/41YqkuRwg0L.jpg", "https://images-na.ssl-images-amazon.com/images/I/41-MHSNRKwL.jpg", "https://images-na.ssl-images-amazon.com/images/I/41ItZVGzeDL.jpg", "https://images-na.ssl-images-amazon.com/images/I/41k1JnLpkoL.jpg", "https://images-na.ssl-images-amazon.com/images/I/41wvcTQ9wQL.jpg"]}