{"name": "USA Gear Laser Rangefinder Case Holster with Shoulder Strap and Belt Loop - Compatible with Nikon 8397 ACULON AL11, TecTecTec VPRO500, 16228 Arrow ID 5000, Coolshot 20, Monarch 7I, and More", "unit": "mm", "dimension": {"width": 120.6, "depth": 82.5, "height": 50.8}, "img_urls": ["https://images-na.ssl-images-amazon.com/images/I/51Z7WI-vIqL.jpg", "https://images-na.ssl-images-amazon.com/images/I/41unvxMH8jL.jpg", "https://images-na.ssl-images-amazon.com/images/I/41%2BDq8K1P3L.jpg", "https://images-na.ssl-images-amazon.com/images/I/51sdJC6mlmL.jpg", "https://images-na.ssl-images-amazon.com/images/I/51rn9mImGuL.jpg", "https://images-na.ssl-images-amazon.com/images/I/51onrnGgjxL.jpg", "https://images-na.ssl-images-amazon.com/images/I/51ARxk%2BV-lL.jpg"]}