{"name": "Leupold  TBR Laser Rangefinder", "unit": "mm", "dimension": {"width": 78.7, "depth": 108.0, "height": 120.7}, "img_urls": ["https://images-na.ssl-images-amazon.com/images/I/519Dz7bkdvL.jpg", "https://images-na.ssl-images-amazon.com/images/I/51-9VWCuEpL.jpg", "https://images-na.ssl-images-amazon.com/images/I/51xU2QX7iiL.jpg", "https://images-na.ssl-images-amazon.com/images/I/41AHz24fdIL.jpg", "https://images-na.ssl-images-amazon.com/images/I/51YfCdqtT9L.jpg", "https://images-na.ssl-images-amazon.com/images/I/51CfHzAufNL.jpg", "https://images-na.ssl-images-amazon.com/images/I/410Ko1YwQDL.jpg"]}