{"name": "Flexzion Full Finger Tactical Gloves w/Hard Knuckles -Black (XL) Touchscreen Compatible for Motorcycle Airsoft Military Combat Army Training Outdoor", "unit": "mm", "dimension": {"width": 266.7, "depth": 139.7, "height": 38.1}, "img_urls": ["https://images-na.ssl-images-amazon.com/images/I/41PRbze7YHL.jpg", "https://images-na.ssl-images-amazon.com/images/I/41Ulz3xd1-L.jpg", "https://images-na.ssl-images-amazon.com/images/I/51f0Y5TUXJL.jpg", "https://images-na.ssl-images-amazon.com/images/I/51nMk-P-NLL.jpg", "https://images-na.ssl-images-amazon.com/images/I/51yWYtS40LL.jpg", "https://images-na.ssl-images-amazon.com/images/I/51HIWrPk7CL.jpg", "https://images-na.ssl-images-amazon.com/images/I/511pQ0ibJRL.jpg"]}