{"name": "Bozily Golf Rangefinder, 6X Laser Range Finder 900 Yards, Flag-Lock, Slope Tech, 4 Scan Mode, Linear & Vertical Distance, Angle & Speed Measurement, Fog Resistant - Tournament Legal Golf Rangefinder", "unit": "mm", "dimension": {"width": 103.1, "depth": 39.1, "height": 71.9}, "img_urls": ["https://images-na.ssl-images-amazon.com/images/I/41z0EXLgyJL.jpg", "https://images-na.ssl-images-amazon.com/images/I/61tC8xq7anL.jpg", "https://images-na.ssl-images-amazon.com/images/I/51bnbc7A-JL.jpg", "https://images-na.ssl-images-amazon.com/images/I/51Iekm6m80L.jpg", "https://images-na.ssl-images-amazon.com/images/I/514J5%2B0uFwL.jpg", "https://images-na.ssl-images-amazon.com/images/I/51aVbSsY49L.jpg", "https://images-na.ssl-images-amazon.com/images/I/51IlpH4iwwL.jpg"]}