{
  "name": "Nite Ize DoohicKey Keychain Multi Tool, Stainless-Steel 5-in-1 Multi Tool With Bottle Opener + Carabiner Clip, Black",
  "unit": "mm",
  "dimension": {
    "width": 66.0,
    "depth": 17.8,
    "height": 2.5
  },
  "img_urls": [
    "https://images-na.ssl-images-amazon.com/images/I/31dDJTAKFrL.jpg",
    "https://images-na.ssl-images-amazon.com/images/I/41Sct1MkWgL.jpg",
    "https://images-na.ssl-images-amazon.com/images/I/41TqpOnJ4eL.jpg",
    "https://images-na.ssl-images-amazon.com/images/I/41wcp5Yt-wL.jpg",
    "https://images-na.ssl-images-amazon.com/images/I/31-wzE7QUIL.jpg",
    "https://images-na.ssl-images-amazon.com/images/I/41TLByXWdNL.jpg"
  ]
}