{"name": "Nite Ize LSBC-01-R6 S-Biner SlideLock Dual Locking Carabiner, Assorted 3-Pack, Sizes 2, 3, 4, Black", "unit": "mm", "dimension": {"width": 91.4, "depth": 40.6, "height": 10.2}, "img_urls": ["https://images-na.ssl-images-amazon.com/images/I/41b5k9ZMEOL.jpg", "https://images-na.ssl-images-amazon.com/images/I/31Vi4jYqUDL.jpg", "https://images-na.ssl-images-amazon.com/images/I/51OW4a3MZkL.jpg", "https://images-na.ssl-images-amazon.com/images/I/41s6HwFxDDL.jpg", "https://images-na.ssl-images-amazon.com/images/I/51FfcGQcm3L.jpg", "https://images-na.ssl-images-amazon.com/images/I/511u3zm7uDL.jpg", "https://images-na.ssl-images-amazon.com/images/I/41qfHcjqorL.jpg"]}