{"name": "Nite Ize MSBL-09-R7 Carabiner, Pack of 1, Charcoal", "unit": "mm", "dimension": {"width": 20.3, "depth": 88.9, "height": 190.5}, "img_urls": ["https://images-na.ssl-images-amazon.com/images/I/41OwT226KeL.jpg", "https://images-na.ssl-images-amazon.com/images/I/41-8haQOJ7L.jpg", "https://images-na.ssl-images-amazon.com/images/I/41wppz-z72L.jpg", "https://images-na.ssl-images-amazon.com/images/I/4157ec5J4oL.jpg", "https://images-na.ssl-images-amazon.com/images/I/41mKO7Y1fPL.jpg", "https://images-na.ssl-images-amazon.com/images/I/51Kjf%2B6GATL.jpg"]}