{"name": "Muzzy MX-3 Broadheads", "unit": "mm", "dimension": {"width": 223.5, "depth": 134.6, "height": 12.7}, "img_urls": ["https://images-na.ssl-images-amazon.com/images/I/31tR8CT1D1L.jpg", "https://images-na.ssl-images-amazon.com/images/I/51TdoRaf73L.jpg", "https://images-na.ssl-images-amazon.com/images/I/51AsxKdWvLL.jpg", "https://images-na.ssl-images-amazon.com/images/I/51SdHY-StJL.jpg", "https://images-na.ssl-images-amazon.com/images/I/51og1G%2B4drL.jpg", "https://images-na.ssl-images-amazon.com/images/I/41Fc58r-D%2BL.jpg"]}