{"name": "Nxt Generation 3D Inflatable Deer Target", "unit": "mm", "dimension": {"width": 457.2, "depth": 914.4, "height": 1219.2}, "img_urls": ["https://images-na.ssl-images-amazon.com/images/I/41T8q45fDDL.jpg", "https://images-na.ssl-images-amazon.com/images/I/51BHhJXXmyL.jpg", "https://images-na.ssl-images-amazon.com/images/I/4166RaQo1KL.jpg", "https://images-na.ssl-images-amazon.com/images/I/618jyw-Yv4L.jpg", "https://images-na.ssl-images-amazon.com/images/I/419aVVuNAPL.jpg", "https://images-na.ssl-images-amazon.com/images/I/41uKYM%2Br5rL.jpg"]}