{"name": "Tru-Fire Edge Buckle Foldback Release", "unit": "mm", "dimension": {"width": 200.0, "depth": 150.0, "height": 20.0}, "img_urls": ["https://images-na.ssl-images-amazon.com/images/I/41uVH5ZZUbL.jpg", "https://images-na.ssl-images-amazon.com/images/I/51hjwlO4wjL.jpg", "https://images-na.ssl-images-amazon.com/images/I/51fgfI6p76L.jpg", "https://images-na.ssl-images-amazon.com/images/I/41rIpSdgH9L.jpg", "https://images-na.ssl-images-amazon.com/images/I/51UIwDZihdL.jpg", "https://images-na.ssl-images-amazon.com/images/I/41%2BAjaYmSEL.jpg"]}