{"name": "Mtm Molded Products 852416-SSI MTM Crossbow Bolt Case Holds-12 Clear Smoke BHCB-41 - multi, N/A", "unit": "mm", "dimension": {"width": 622.3, "depth": 154.9, "height": 88.9}, "img_urls": ["https://images-na.ssl-images-amazon.com/images/I/31vO8fT12GL.jpg", "https://images-na.ssl-images-amazon.com/images/I/31ymoqjEn8L.jpg", "https://images-na.ssl-images-amazon.com/images/I/414cwP9o-xL.jpg", "https://images-na.ssl-images-amazon.com/images/I/51SnBULDx2L.jpg", "https://images-na.ssl-images-amazon.com/images/I/31BiEJUVQgL.jpg", "https://images-na.ssl-images-amazon.com/images/I/31sxS%2B0RgSL.jpg", "https://images-na.ssl-images-amazon.com/images/I/411RbyeuALL.jpg"]}