{"name": "IQ Sight Light 15000", "unit": "mm", "dimension": {"width": 196.9, "depth": 95.3, "height": 25.4}, "img_urls": ["https://images-na.ssl-images-amazon.com/images/I/31IlbVPtpGL.jpg", "https://images-na.ssl-images-amazon.com/images/I/41qWXtcPalL.jpg", "https://images-na.ssl-images-amazon.com/images/I/415Uhug1aOL.jpg", "https://images-na.ssl-images-amazon.com/images/I/516DTAki5QL.jpg", "https://images-na.ssl-images-amazon.com/images/I/41GRR8rtT9L.jpg", "https://images-na.ssl-images-amazon.com/images/I/51lQtjn4CJL.jpg"]}