{"name": "Morrell 1003676-SSI Super Duper Field Point Target - multi, N/A", "unit": "mm", "dimension": {"width": 635.0, "depth": 685.8, "height": 381.0}, "img_urls": ["https://images-na.ssl-images-amazon.com/images/I/61Dtm3WeOwL.jpg", "https://images-na.ssl-images-amazon.com/images/I/51XhpT80CuL.jpg", "https://images-na.ssl-images-amazon.com/images/I/617615f9W-L.jpg", "https://images-na.ssl-images-amazon.com/images/I/51uW-uSzSxL.jpg", "https://images-na.ssl-images-amazon.com/images/I/5146iYJJeZL.jpg", "https://images-na.ssl-images-amazon.com/images/I/51r7jn90HyL.jpg", "https://images-na.ssl-images-amazon.com/images/I/51VkKZeRIML.jpg"]}