{"name": "Nockturnal X Green Nock", "unit": "mm", "dimension": {"width": 57.2, "depth": 6.4, "height": 6.4}, "img_urls": ["https://images-na.ssl-images-amazon.com/images/I/317ZifYLIyL.jpg", "https://images-na.ssl-images-amazon.com/images/I/411oeBfePQL.jpg", "https://images-na.ssl-images-amazon.com/images/I/21zkjMDL%2BSL.jpg", "https://images-na.ssl-images-amazon.com/images/I/51Hetu0tJmL.jpg", "https://images-na.ssl-images-amazon.com/images/I/419VnD4jaFL.jpg", "https://images-na.ssl-images-amazon.com/images/I/51K-kLX%2BFyL.jpg"]}