{"name": "Carbon Express Launchpad Precision Nock .244 Clear Pack of 12, 50263", "unit": "mm", "dimension": {"width": 196.9, "depth": 101.6, "height": 25.4}, "img_urls": ["https://images-na.ssl-images-amazon.com/images/I/41g54BWaqxL.jpg", "https://images-na.ssl-images-amazon.com/images/I/21EFTp2I%2BIL.jpg", "https://images-na.ssl-images-amazon.com/images/I/41c41vuu4vL.jpg", "https://images-na.ssl-images-amazon.com/images/I/417ytj%2BKQnL.jpg", "https://images-na.ssl-images-amazon.com/images/I/41uTnopJUDL.jpg", "https://images-na.ssl-images-amazon.com/images/I/41xOr2SSVvL.jpg"]}