{"name": "Bear Archery Kill Shot Green Med", "unit": "mm", "dimension": {"width": 76.2, "depth": 50.8, "height": 76.2}, "img_urls": ["https://images-na.ssl-images-amazon.com/images/I/41QDDYoq%2BJL.jpg", "https://images-na.ssl-images-amazon.com/images/I/51-vbKoQBLL.jpg", "https://images-na.ssl-images-amazon.com/images/I/51jYNG8-%2BLL.jpg", "https://images-na.ssl-images-amazon.com/images/I/51EqT9DXkgL.jpg", "https://images-na.ssl-images-amazon.com/images/I/51Hp4NoFzeL.jpg", "https://images-na.ssl-images-amazon.com/images/I/51TtGD3fT4L.jpg", "https://images-na.ssl-images-amazon.com/images/I/61jAO80Yh0L.jpg"]}