{"name": "Bear Archery Brave Bow Set, APG Camo, Right", "unit": "mm", "dimension": {"width": 685.8, "depth": 279.4, "height": 76.2}, "img_urls": ["https://images-na.ssl-images-amazon.com/images/I/31axA677IRL.jpg", "https://images-na.ssl-images-amazon.com/images/I/518yMk6RMjL.jpg", "https://images-na.ssl-images-amazon.com/images/I/5172bjwAKGL.jpg", "https://images-na.ssl-images-amazon.com/images/I/51NRJLEjy8L.jpg", "https://images-na.ssl-images-amazon.com/images/I/41MKPVq1MaL.jpg", "https://images-na.ssl-images-amazon.com/images/I/51jBgURXL3L.jpg"]}