{"name": "Trophy Ridge 5 Spot Arrow Quiver", "unit": "mm", "dimension": {"width": 406.4, "depth": 177.8, "height": 76.2}, "img_urls": ["https://images-na.ssl-images-amazon.com/images/I/31n6ovShHxL.jpg", "https://images-na.ssl-images-amazon.com/images/I/51eiTZdyCML.jpg", "https://images-na.ssl-images-amazon.com/images/I/51P5tsvKPnL.jpg", "https://images-na.ssl-images-amazon.com/images/I/51byCyOJymL.jpg", "https://images-na.ssl-images-amazon.com/images/I/51rxTmHpcsL.jpg", "https://images-na.ssl-images-amazon.com/images/I/51sEEvv7i3L.jpg", "https://images-na.ssl-images-amazon.com/images/I/41kTrt87V7L.jpg"]}