{"name": "Trophy Ridge React Pro 5 Pin Bow Sight", "unit": "mm", "dimension": {"width": 25.4, "depth": 25.4, "height": 25.4}, "img_urls": ["https://images-na.ssl-images-amazon.com/images/I/514oaF5HqmL.jpg", "https://images-na.ssl-images-amazon.com/images/I/41xi8MAIsRL.jpg", "https://images-na.ssl-images-amazon.com/images/I/51pN8dsKpxL.jpg", "https://images-na.ssl-images-amazon.com/images/I/51rxZGn9QJL.jpg", "https://images-na.ssl-images-amazon.com/images/I/418fMVp0YAL.jpg", "https://images-na.ssl-images-amazon.com/images/I/514v6XbhMlL.jpg"]}