{"name": "RAGE Unisex's 1004519-SSI 100 Cut With SC Technology Chisel 2 Blade Broadhead, Multi-Coloured, 2-Inch", "unit": "mm", "dimension": {"width": 63.5, "depth": 50.8, "height": 6.4}, "img_urls": ["https://images-na.ssl-images-amazon.com/images/I/31Fv2TP8zYL.jpg", "https://images-na.ssl-images-amazon.com/images/I/41iywr%2BTECL.jpg", "https://images-na.ssl-images-amazon.com/images/I/41nOG1oM-TL.jpg", "https://images-na.ssl-images-amazon.com/images/I/31%2BPDTp9z0L.jpg", "https://images-na.ssl-images-amazon.com/images/I/41fvJVBQCoL.jpg", "https://images-na.ssl-images-amazon.com/images/I/41ne0ASLhCL.jpg"]}