{"name": "Trophy Ridge Fix Series Sight 5 Pin Fix Sight 5 Pin, Black", "unit": "mm", "dimension": {"width": 276.9, "depth": 121.9, "height": 109.2}, "img_urls": ["https://images-na.ssl-images-amazon.com/images/I/41FVeeNww3L.jpg", "https://images-na.ssl-images-amazon.com/images/I/51Wty-9weUL.jpg", "https://images-na.ssl-images-amazon.com/images/I/51CIFjzd2vL.jpg", "https://images-na.ssl-images-amazon.com/images/I/41yJHew-ZvL.jpg", "https://images-na.ssl-images-amazon.com/images/I/51%2BvvziRfcL.jpg", "https://images-na.ssl-images-amazon.com/images/I/51LB67uM3dL.jpg", "https://images-na.ssl-images-amazon.com/images/I/410U6%2BRjJ2L.jpg"]}