{"name": "Swhacker 2 Blade Broadhead 150 Gr. 3 in. 3 PK. Black", "unit": "mm", "dimension": {"width": 190.5, "depth": 25.4, "height": 241.3}, "img_urls": ["https://images-na.ssl-images-amazon.com/images/I/318PmvrDhAL.jpg", "https://images-na.ssl-images-amazon.com/images/I/31GZfn5DiYL.jpg", "https://images-na.ssl-images-amazon.com/images/I/31HBmSGzyZL.jpg", "https://images-na.ssl-images-amazon.com/images/I/51bKvKWVNtL.jpg", "https://images-na.ssl-images-amazon.com/images/I/41VxHhZhanL.jpg", "https://images-na.ssl-images-amazon.com/images/I/41GX0FC8KHL.jpg"]}