{"name": "YLS Archery Bow Stringer for Recurve & Traditional Bow", "unit": "mm", "dimension": {"width": 160.0, "depth": 140.0, "height": 20.1}, "img_urls": ["https://images-na.ssl-images-amazon.com/images/I/51uzpT5x3tL.jpg", "https://images-na.ssl-images-amazon.com/images/I/517RYykTqRL.jpg", "https://images-na.ssl-images-amazon.com/images/I/51RItkeMWkL.jpg", "https://images-na.ssl-images-amazon.com/images/I/41znnyt5uEL.jpg", "https://images-na.ssl-images-amazon.com/images/I/41XCeZddoyL.jpg", "https://images-na.ssl-images-amazon.com/images/I/51Osuqq2LyL.jpg"]}