{"name": "Rage New and Improved Nock Tool, Red", "unit": "mm", "dimension": {"width": 108.0, "depth": 6.4, "height": 139.7}, "img_urls": ["https://images-na.ssl-images-amazon.com/images/I/31rOdck35DL.jpg", "https://images-na.ssl-images-amazon.com/images/I/31bzWH-W6HL.jpg", "https://images-na.ssl-images-amazon.com/images/I/311YjJS68uL.jpg", "https://images-na.ssl-images-amazon.com/images/I/315LMRqPBHL.jpg", "https://images-na.ssl-images-amazon.com/images/I/31AabFe0BlL.jpg", "https://images-na.ssl-images-amazon.com/images/I/51i0uS6cv8L.jpg"]}