{"name": "Hide & Drink, Rustic Leather Archery Finger Tab/Recurve Bows/Hunting Fingers Protector Handmade :: Bourbon Brown", "unit": "mm", "dimension": {"width": 82.6, "depth": 69.9, "height": 2.5}, "img_urls": ["https://images-na.ssl-images-amazon.com/images/I/41%2BBvNlqH%2BL.jpg", "https://images-na.ssl-images-amazon.com/images/I/41Wyu68am0L.jpg", "https://images-na.ssl-images-amazon.com/images/I/41VPO2ThVcL.jpg", "https://images-na.ssl-images-amazon.com/images/I/51mUKjHOUfL.jpg", "https://images-na.ssl-images-amazon.com/images/I/41Il8V4elhL.jpg", "https://images-na.ssl-images-amazon.com/images/I/41Cm6dHXKEL.jpg", "https://images-na.ssl-images-amazon.com/images/I/51FucCX5GbL.jpg"]}