{"name": "Trophy Ridge Hotwire 3-Pin Sight", "unit": "mm", "dimension": {"width": 190.5, "depth": 101.6, "height": 76.2}, "img_urls": ["https://images-na.ssl-images-amazon.com/images/I/417pcHXwTPL.jpg", "https://images-na.ssl-images-amazon.com/images/I/31cTbGg82lL.jpg", "https://images-na.ssl-images-amazon.com/images/I/41en2hdnkrL.jpg", "https://images-na.ssl-images-amazon.com/images/I/41XN5WteKUL.jpg", "https://images-na.ssl-images-amazon.com/images/I/31xEEDX2xZL.jpg", "https://images-na.ssl-images-amazon.com/images/I/41zqtQ2wZNL.jpg", "https://images-na.ssl-images-amazon.com/images/I/41Ob03b7QYL.jpg"]}