{"name": "TenPoint SDS Crossbow String Dampening System Noise & Vibration Reducer", "unit": "mm", "dimension": {"width": 25.4, "depth": 25.4, "height": 25.4}, "img_urls": ["https://images-na.ssl-images-amazon.com/images/I/41BZDWZHOHL.jpg", "https://images-na.ssl-images-amazon.com/images/I/51UI73sMU7L.jpg", "https://images-na.ssl-images-amazon.com/images/I/41JVFhUqH2L.jpg", "https://images-na.ssl-images-amazon.com/images/I/41T6XdAG1IL.jpg", "https://images-na.ssl-images-amazon.com/images/I/410gQa6CcRL.jpg", "https://images-na.ssl-images-amazon.com/images/I/41%2B29LUawLL.jpg"]}