{"name": "Ogrmar 20\" Traditional Solid Straw Archery Target\uff0cHand-Made Arrows Target for Outdoor Sports Archery Shooting Bows", "unit": "mm", "dimension": {"width": 500.0, "depth": 500.0, "height": 50.0}, "img_urls": ["https://images-na.ssl-images-amazon.com/images/I/61dQI8ixG5L.jpg", "https://images-na.ssl-images-amazon.com/images/I/5132OIh3g%2BL.jpg", "https://images-na.ssl-images-amazon.com/images/I/51DUXieE0AL.jpg", "https://images-na.ssl-images-amazon.com/images/I/51J95iiu0RL.jpg", "https://images-na.ssl-images-amazon.com/images/I/51Fsj7jprJL.jpg", "https://images-na.ssl-images-amazon.com/images/I/41Ie2OpekfL.jpg", "https://images-na.ssl-images-amazon.com/images/I/51EzaAyvWQL.jpg"]}