{"name": "Outdoor Mounting Bracket for Ductless Mini Split Air Conditioner Heat Pump Systems, Universal, 9000-36000 Btu Condenser", "unit": "mm", "dimension": {"width": 368.3, "depth": 431.8, "height": 368.3}, "img_urls": ["https://images-na.ssl-images-amazon.com/images/I/31iDUTEw70L.jpg", "https://images-na.ssl-images-amazon.com/images/I/41JyFj4h73L.jpg", "https://images-na.ssl-images-amazon.com/images/I/31eytJa2-8L.jpg", "https://images-na.ssl-images-amazon.com/images/I/41wpV3oOtCL.jpg", "https://images-na.ssl-images-amazon.com/images/I/31gVIC6y0BL.jpg", "https://images-na.ssl-images-amazon.com/images/I/41C7CA-MJnL.jpg", "https://images-na.ssl-images-amazon.com/images/I/31MpdlSM3OL.jpg"]}