{"name": "Hessaire MC37M Portable Evaporative Cooler, 3100 Cubic Feet per Minute, Cools 950 Square Feet", "unit": "mm", "dimension": {"width": 609.6, "depth": 406.4, "height": 965.2}, "img_urls": ["https://images-na.ssl-images-amazon.com/images/I/419q0t34D-L.jpg", "https://images-na.ssl-images-amazon.com/images/I/41hwwaDhj-L.jpg", "https://images-na.ssl-images-amazon.com/images/I/51U5oFs-f5L.jpg", "https://images-na.ssl-images-amazon.com/images/I/51zwaXHSbfL.jpg", "https://images-na.ssl-images-amazon.com/images/I/51RUiyD9VuL.jpg", "https://images-na.ssl-images-amazon.com/images/I/31LFLiLdvxL.jpg"]}