{"name": "BLACK+DECKER BPACT12WT Portable Air Conditioner, 12,000 BTU, White", "unit": "mm", "dimension": {"width": 434.3, "depth": 350.5, "height": 713.7}, "img_urls": ["https://images-na.ssl-images-amazon.com/images/I/3140rw1lF6L.jpg", "https://images-na.ssl-images-amazon.com/images/I/51GVeZj121L.jpg", "https://images-na.ssl-images-amazon.com/images/I/41Pk9FbBZlL.jpg", "https://images-na.ssl-images-amazon.com/images/I/41jIJSiTfWL.jpg", "https://images-na.ssl-images-amazon.com/images/I/41CLoiXBxPL.jpg", "https://images-na.ssl-images-amazon.com/images/I/41rT%2BC6qA%2BL.jpg"]}