{"name": "Black + Decker BPACT14HWT Portable Air Conditioner, 14,000 BTU w Heat, White", "unit": "mm", "dimension": {"width": 434.3, "depth": 350.5, "height": 713.7}, "img_urls": ["https://images-na.ssl-images-amazon.com/images/I/3140rw1lF6L.jpg", "https://images-na.ssl-images-amazon.com/images/I/51GVeZj121L.jpg", "https://images-na.ssl-images-amazon.com/images/I/41Pk9FbBZlL.jpg", "https://images-na.ssl-images-amazon.com/images/I/41jIJSiTfWL.jpg", "https://images-na.ssl-images-amazon.com/images/I/51psohPte6L.jpg", "https://images-na.ssl-images-amazon.com/images/I/51NBwLBQJ9L.jpg"]}