{"name": "BLACK+DECKER BPACT08WT Portable Air Conditioner, 8,000 BTU, White", "unit": "mm", "dimension": {"width": 419.1, "depth": 292.1, "height": 660.4}, "img_urls": ["https://images-na.ssl-images-amazon.com/images/I/31N6SDZlT4L.jpg", "https://images-na.ssl-images-amazon.com/images/I/41bsqglqaVL.jpg", "https://images-na.ssl-images-amazon.com/images/I/416hEr1AICL.jpg", "https://images-na.ssl-images-amazon.com/images/I/41LAzTF6YRL.jpg", "https://images-na.ssl-images-amazon.com/images/I/5145rb1AcTL.jpg", "https://images-na.ssl-images-amazon.com/images/I/41GAIMHIOyL.jpg"]}