{"name": "LG LW8016ER 8,000 BTU 115V Window-Mounted Remote Control Air Conditioner, White", "unit": "mm", "dimension": {"width": 497.8, "depth": 492.8, "height": 315.0}, "img_urls": ["https://images-na.ssl-images-amazon.com/images/I/41IfPfmUz1L.jpg", "https://images-na.ssl-images-amazon.com/images/I/51-RZQlmLnL.jpg", "https://images-na.ssl-images-amazon.com/images/I/51VmB8u3-mL.jpg", "https://images-na.ssl-images-amazon.com/images/I/41P95B6TJNL.jpg", "https://images-na.ssl-images-amazon.com/images/I/316PMW%2BejnL.jpg", "https://images-na.ssl-images-amazon.com/images/I/4129bbi1w8L.jpg", "https://images-na.ssl-images-amazon.com/images/I/41A745AP24L.jpg"]}