{"name": "LG LP0817WSR 8,000 BTU White Portable Air Conditioner - Rooms up to 200 Sq. Ft", "unit": "mm", "dimension": {"width": 325.1, "depth": 430.0, "height": 694.9}, "img_urls": ["https://images-na.ssl-images-amazon.com/images/I/215vuMBYbTL.jpg", "https://images-na.ssl-images-amazon.com/images/I/51pi5Q5bx-L.jpg", "https://images-na.ssl-images-amazon.com/images/I/41jcjJqotpL.jpg", "https://images-na.ssl-images-amazon.com/images/I/415CzSjfEwL.jpg", "https://images-na.ssl-images-amazon.com/images/I/414itP8aXkL.jpg", "https://images-na.ssl-images-amazon.com/images/I/415eKr4ALaL.jpg"]}