{"name": "Whirlpool Energy Star 8,000 BTU 115V Window-Mounted Air Conditioner with Remote Control", "unit": "mm", "dimension": {"width": 431.8, "depth": 472.4, "height": 337.8}, "img_urls": ["https://images-na.ssl-images-amazon.com/images/I/51NaO3Y7l-L.jpg", "https://images-na.ssl-images-amazon.com/images/I/415TpFsS2AL.jpg", "https://images-na.ssl-images-amazon.com/images/I/41domxNNXML.jpg", "https://images-na.ssl-images-amazon.com/images/I/51uzhndwVoL.jpg", "https://images-na.ssl-images-amazon.com/images/I/51d8MyHkJ2L.jpg", "https://images-na.ssl-images-amazon.com/images/I/51xIMKTJQ%2BL.jpg"]}