{"name": "Hessaire MC18M Portable Evaporative Cooler \u2013 Gray, 1300 CFM, Cools 500 Square Feet", "unit": "mm", "dimension": {"width": 508.0, "depth": 254.0, "height": 711.2}, "img_urls": ["https://images-na.ssl-images-amazon.com/images/I/31pumoV5nBL.jpg", "https://images-na.ssl-images-amazon.com/images/I/31qZoanMeEL.jpg", "https://images-na.ssl-images-amazon.com/images/I/414ebI3gBwL.jpg", "https://images-na.ssl-images-amazon.com/images/I/51hsXZ3llML.jpg", "https://images-na.ssl-images-amazon.com/images/I/41Nnn3R7z9L.jpg", "https://images-na.ssl-images-amazon.com/images/I/410ulIvqIdL.jpg"]}