{"name": "SereneLife SLPAC8 8,000 BTU Portable Air Conditioner, 3-in-1 Floor AC Unit with Built-In Dehumidifier, Fan Modes, Remote Control, Complete Window Mount Exhaust Kit for Rooms Up to 225 Sq. ft, White", "unit": "mm", "dimension": {"width": 350.0, "depth": 690.1, "height": 370.1}, "img_urls": ["https://images-na.ssl-images-amazon.com/images/I/412TnoNRFlL.jpg", "https://images-na.ssl-images-amazon.com/images/I/510bCGXHQrL.jpg", "https://images-na.ssl-images-amazon.com/images/I/51ZoH5LnDCL.jpg", "https://images-na.ssl-images-amazon.com/images/I/51Urbt3fnrL.jpg", "https://images-na.ssl-images-amazon.com/images/I/515svpqB9iL.jpg", "https://images-na.ssl-images-amazon.com/images/I/51B8PqAWN6L.jpg", "https://images-na.ssl-images-amazon.com/images/I/51avlhcIcfL.jpg"]}