{"name": "Ontel Arctic Ultra Evaporative Portable Air Conditioner", "unit": "mm", "dimension": {"width": 257.8, "depth": 281.9, "height": 327.7}, "img_urls": ["https://images-na.ssl-images-amazon.com/images/I/512KjRM-30L.jpg", "https://images-na.ssl-images-amazon.com/images/I/41z7u7ciD8L.jpg", "https://images-na.ssl-images-amazon.com/images/I/51ighjw5WtL.jpg", "https://images-na.ssl-images-amazon.com/images/I/415hNVvdt8L.jpg", "https://images-na.ssl-images-amazon.com/images/I/51L63LuhCxL.jpg", "https://images-na.ssl-images-amazon.com/images/I/517fJ2JggEL.jpg", "https://images-na.ssl-images-amazon.com/images/I/41UMv8303yL.jpg"]}