{"name": "Frigidaire 10,000 BTU 115V Window-Mounted Compact Air Conditioner with Remote Control, White", "unit": "mm", "dimension": {"width": 546.1, "depth": 482.6, "height": 368.3}, "img_urls": ["https://images-na.ssl-images-amazon.com/images/I/51VUF%2BWAeLL.jpg", "https://images-na.ssl-images-amazon.com/images/I/41XNUYemBHL.jpg", "https://images-na.ssl-images-amazon.com/images/I/41ylQGDsOmL.jpg", "https://images-na.ssl-images-amazon.com/images/I/51DxuEk11BL.jpg", "https://images-na.ssl-images-amazon.com/images/I/41qAJKzmKLL.jpg", "https://images-na.ssl-images-amazon.com/images/I/41ekk8ecwsL.jpg"]}