{"name": "SereneLife 12,000 BTU Portable 3 in 1 Air Conditioner for Rooms Up to 450 Sq. ft, Black", "unit": "mm", "dimension": {"width": 442.0, "depth": 340.4, "height": 815.3}, "img_urls": ["https://images-na.ssl-images-amazon.com/images/I/418GfxG9lYL.jpg", "https://images-na.ssl-images-amazon.com/images/I/51eiZZu27ZL.jpg", "https://images-na.ssl-images-amazon.com/images/I/51tiy45sf3L.jpg", "https://images-na.ssl-images-amazon.com/images/I/51pgKMo7Y3L.jpg", "https://images-na.ssl-images-amazon.com/images/I/61g8qZFT0HL.jpg", "https://images-na.ssl-images-amazon.com/images/I/51sA70-aQFL.jpg", "https://images-na.ssl-images-amazon.com/images/I/51cJmuHMe7L.jpg"]}