{"name": "SUPALAK Personal Air Conditioner Fan, Portable Air Cooler, Mini Air Conditioner Evaporative Cooler for Desk Top with 2H/4H Timer, Adjustable 3 Speeds Misting Personal Space Cooler for Home, Office\u2026", "unit": "mm", "dimension": {"width": 129.5, "depth": 129.5, "height": 228.6}, "img_urls": ["https://images-na.ssl-images-amazon.com/images/I/51oIk%2BCJTqL.jpg", "https://images-na.ssl-images-amazon.com/images/I/51dvBakHWtL.jpg", "https://images-na.ssl-images-amazon.com/images/I/51i-rxH5bJL.jpg", "https://images-na.ssl-images-amazon.com/images/I/41IrOgTGE-L.jpg", "https://images-na.ssl-images-amazon.com/images/I/4157oK48BlL.jpg", "https://images-na.ssl-images-amazon.com/images/I/51kyLzU366L.jpg", "https://images-na.ssl-images-amazon.com/images/I/51bXdhk%2ByaL.jpg"]}