{"name": "MIDEA MAW05M1BWT Window air conditioner 5000 BTU with Mechanical Controls, 7 temperature settings, 2 cooling and fan settings,110V, White", "unit": "mm", "dimension": {"width": 405.9, "depth": 335.0, "height": 306.1}, "img_urls": ["https://images-na.ssl-images-amazon.com/images/I/41p2jnCPftL.jpg", "https://images-na.ssl-images-amazon.com/images/I/51U-Gon7TeL.jpg", "https://images-na.ssl-images-amazon.com/images/I/41xDCsi65LL.jpg", "https://images-na.ssl-images-amazon.com/images/I/519ko1PUriL.jpg", "https://images-na.ssl-images-amazon.com/images/I/41GI%2Bpvk8fL.jpg", "https://images-na.ssl-images-amazon.com/images/I/41IdziwYZ4L.jpg", "https://images-na.ssl-images-amazon.com/images/I/41fOZG68wKL.jpg"]}