{"name": "Midea U Inverter Window Air Conditioner 8,000BTU, The First U-Shaped AC with Open Window Flexibility, Robust Installation,Extreme Quiet, 35% Energy Saving, WiFi,Alexa,Remote, Bracket Included", "unit": "mm", "dimension": {"width": 558.0, "depth": 486.9, "height": 341.9}, "img_urls": ["https://images-na.ssl-images-amazon.com/images/I/41lBnCT3DBL.jpg", "https://images-na.ssl-images-amazon.com/images/I/51XCm3AhsXL.jpg", "https://images-na.ssl-images-amazon.com/images/I/41IsVwo9ZvL.jpg", "https://images-na.ssl-images-amazon.com/images/I/51UuqzyfUAL.jpg", "https://images-na.ssl-images-amazon.com/images/I/51E1%2BFDWMoL.jpg", "https://images-na.ssl-images-amazon.com/images/I/41huzS9JkUL.jpg"]}