{"name": "MOVTIP Portable Air Conditioner Fan, Personal Space Air Cooler Mini Evaporative Cooler Quiet Desk Fan, Air Circulator Humidifier Misting Fan for Home Office Bedroom (White)", "unit": "mm", "dimension": {"width": 137.2, "depth": 144.8, "height": 190.5}, "img_urls": ["https://images-na.ssl-images-amazon.com/images/I/41GScHamBbL.jpg", "https://images-na.ssl-images-amazon.com/images/I/51ElAu4mbcL.jpg", "https://images-na.ssl-images-amazon.com/images/I/51zNu%2Bl6pIL.jpg", "https://images-na.ssl-images-amazon.com/images/I/51UWlASSf8L.jpg", "https://images-na.ssl-images-amazon.com/images/I/51PFJvHRfKL.jpg", "https://images-na.ssl-images-amazon.com/images/I/51YqjbWbPKL.jpg", "https://images-na.ssl-images-amazon.com/images/I/51LuUMv9O5L.jpg"]}