{"name": "GE AHV05LZ Window Air Conditioner with 5050 BTU Cooling Capacity, 115 Volts in White", "unit": "mm", "dimension": {"width": 385.6, "depth": 417.3, "height": 330.2}, "img_urls": ["https://images-na.ssl-images-amazon.com/images/I/512CJPmgiNL.jpg", "https://images-na.ssl-images-amazon.com/images/I/41K-rehLzJL.jpg", "https://images-na.ssl-images-amazon.com/images/I/41LDVr0ao3L.jpg", "https://images-na.ssl-images-amazon.com/images/I/41z1QAm5YNL.jpg", "https://images-na.ssl-images-amazon.com/images/I/412ndXGSY4L.jpg", "https://images-na.ssl-images-amazon.com/images/I/41X-sV-%2BVBL.jpg", "https://images-na.ssl-images-amazon.com/images/I/31R1F2RCNUL.jpg"]}