{"name": "MIDEA MAP08R1CWT 3-in-1 Portable Air Conditioner, Dehumidifier, Fan, for Rooms up to 150 sq ft, 8,000 BTU (5,300 BTU SACC) control with Remote", "unit": "mm", "dimension": {"width": 330.2, "depth": 434.3, "height": 718.8}, "img_urls": ["https://images-na.ssl-images-amazon.com/images/I/31CT173HxjL.jpg", "https://images-na.ssl-images-amazon.com/images/I/51pJZgXmYaL.jpg", "https://images-na.ssl-images-amazon.com/images/I/51uFtrD%2BVDL.jpg", "https://images-na.ssl-images-amazon.com/images/I/41-wG5aWHiL.jpg", "https://images-na.ssl-images-amazon.com/images/I/51m734X6jQL.jpg", "https://images-na.ssl-images-amazon.com/images/I/4144wCyniaL.jpg", "https://images-na.ssl-images-amazon.com/images/I/51sVXlFj4bL.jpg"]}