{"name": "Sirio Antenna Sirio SD 1300 U 25 Mhz- 1.3 Ghz Discone Wide Band Antenna", "unit": "mm", "dimension": {"width": 1270.0, "depth": 101.6, "height": 101.6}, "img_urls": ["https://images-na.ssl-images-amazon.com/images/I/41%2BlfJanZUL.jpg", "https://images-na.ssl-images-amazon.com/images/I/11lRDuVvAFL.jpg", "https://images-na.ssl-images-amazon.com/images/I/11ixHyIgwQL.jpg", "https://images-na.ssl-images-amazon.com/images/I/41%2BlfJanZUL.jpg", "https://images-na.ssl-images-amazon.com/images/I/41AXtxTFrDL.jpg"]}