{"name": "Sirio Antenna Sirio SD 1300 N 25 Mhz- 1.3 Ghz Discone Wide Band Antenna", "unit": "mm", "dimension": {"width": 1143.0, "depth": 101.6, "height": 101.6}, "img_urls": ["https://images-na.ssl-images-amazon.com/images/I/41e%2BxRt5cAL.jpg", "https://images-na.ssl-images-amazon.com/images/I/11ixHyIgwQL.jpg", "https://images-na.ssl-images-amazon.com/images/I/11lRDuVvAFL.jpg", "https://images-na.ssl-images-amazon.com/images/I/51YctOfVHYL.jpg", "https://images-na.ssl-images-amazon.com/images/I/410a%2Bq%2BmEBL.jpg"]}