{"name": "Retevis 2 Way Radio Antenna SMA-F Dual Band Antenna Compatible Baofeng UV-5R BF-888S Retevis H-777 RT-5R TYT Kenwood Walkie Talkies (1 Pack)", "unit": "mm", "dimension": {"width": 376.9, "depth": 15.0, "height": 15.0}, "img_urls": ["https://images-na.ssl-images-amazon.com/images/I/31XibFtcMzL.jpg", "https://images-na.ssl-images-amazon.com/images/I/31YutcJ1tEL.jpg", "https://images-na.ssl-images-amazon.com/images/I/31QBrK3WSsL.jpg", "https://images-na.ssl-images-amazon.com/images/I/41p086AHqJL.jpg", "https://images-na.ssl-images-amazon.com/images/I/31WsSqByhjL.jpg", "https://images-na.ssl-images-amazon.com/images/I/21e90j5FkoL.jpg", "https://images-na.ssl-images-amazon.com/images/I/31XibFtcMzL.jpg"]}