{"name": "Retevis Walkie Talkie Antenna SMA-M Dual Band VHF/UHF Antenna for Baofeng BF-UV3R YAESU VX-1R Retevis RT1 RT2 RT82 TYT UVF8 Two Way Radio(1 Pack)", "unit": "mm", "dimension": {"width": 100.1, "depth": 20.1, "height": 20.1}, "img_urls": ["https://images-na.ssl-images-amazon.com/images/I/31V1wxDQ8eL.jpg", "https://images-na.ssl-images-amazon.com/images/I/31oPcZK%2BIQL.jpg", "https://images-na.ssl-images-amazon.com/images/I/41pWka7TO4L.jpg", "https://images-na.ssl-images-amazon.com/images/I/41c-1b0HrEL.jpg", "https://images-na.ssl-images-amazon.com/images/I/41YSsWlYnTL.jpg", "https://images-na.ssl-images-amazon.com/images/I/41-oDTWVQUL.jpg", "https://images-na.ssl-images-amazon.com/images/I/41rkR-vUcOL.jpg"]}