{"name": "Retevis 2 Way Radio Antenna SMA-Female Dual Band UHF/VHF Antenna for BaoFeng UV-5R BF-888S Retevis H-777 RT-5R RT5 Kenwood Walkie Talkies (10 Pack)", "unit": "mm", "dimension": {"width": 52.1, "depth": 14.0, "height": 14.0}, "img_urls": ["https://images-na.ssl-images-amazon.com/images/I/51HlQVGK1xL.jpg", "https://images-na.ssl-images-amazon.com/images/I/41LQJMjma4L.jpg", "https://images-na.ssl-images-amazon.com/images/I/41fEwWaElUL.jpg", "https://images-na.ssl-images-amazon.com/images/I/31%2B9V4b75CL.jpg", "https://images-na.ssl-images-amazon.com/images/I/31IXkebF6yL.jpg", "https://images-na.ssl-images-amazon.com/images/I/41MT0f8X7BL.jpg", "https://images-na.ssl-images-amazon.com/images/I/41Hi5dRwH9L.jpg"]}