{"name": "Retevis Two Way Radio Antenna SMF-F Dual Band Antenna Compatible with Baofeng BF-888S UV5R Retevis H-777 RT-5R RT5 TYT Kenwood Walkie Talkies (5 Pack)", "unit": "mm", "dimension": {"width": 52.1, "depth": 14.0, "height": 14.0}, "img_urls": ["https://images-na.ssl-images-amazon.com/images/I/51o5r9nFqML.jpg", "https://images-na.ssl-images-amazon.com/images/I/41LQJMjma4L.jpg", "https://images-na.ssl-images-amazon.com/images/I/41fEwWaElUL.jpg", "https://images-na.ssl-images-amazon.com/images/I/41wMhgIDzdL.jpg", "https://images-na.ssl-images-amazon.com/images/I/41%2BR3gj6ltL.jpg", "https://images-na.ssl-images-amazon.com/images/I/31IXkebF6yL.jpg", "https://images-na.ssl-images-amazon.com/images/I/41vypgKl6GL.jpg"]}