{"name": "WORKMAN RV1 CB RADIO ANTENNA SINGLE GROOVE MIRROR MOUNT W/ SO239 STUD", "unit": "mm", "dimension": {"width": 76.2, "depth": 76.2, "height": 76.2}, "img_urls": ["https://images-na.ssl-images-amazon.com/images/I/51WcKBtv2QL.jpg", "https://images-na.ssl-images-amazon.com/images/I/513sqDXK2HL.jpg", "https://images-na.ssl-images-amazon.com/images/I/51Cy38VJ0BL.jpg", "https://images-na.ssl-images-amazon.com/images/I/51729BE5%2BFL.jpg", "https://images-na.ssl-images-amazon.com/images/I/61T1Fhsx-gL.jpg", "https://images-na.ssl-images-amazon.com/images/I/51aj2YZRNYL.jpg", "https://images-na.ssl-images-amazon.com/images/I/514NviltRbL.jpg"]}