{"name": "Dual Band SMA Male 144/430mhz Flexible Whip Handheld Antenna Soft for Ham Two Way Radio for YAESU VERTAX VX-3R VX-5R PUXING WouXun Walkie Talkie 2pcs", "unit": "mm", "dimension": {"width": 480.1, "depth": 20.1, "height": 39.9}, "img_urls": ["https://images-na.ssl-images-amazon.com/images/I/41FCv9oFYCL.jpg", "https://images-na.ssl-images-amazon.com/images/I/21uEHg2Sh5L.jpg", "https://images-na.ssl-images-amazon.com/images/I/41sjfvf6zKL.jpg", "https://images-na.ssl-images-amazon.com/images/I/31feYqRZsgL.jpg", "https://images-na.ssl-images-amazon.com/images/I/31o1FITjEwL.jpg", "https://images-na.ssl-images-amazon.com/images/I/31jC7BunSUL.jpg"]}