{"name": "Anteenna TW-536SM SMA Male Handheld Antenna VHF/UHF 144/440MHz 2m/70cm Dual Band High Gain Antenna Two Radio Antenna Amateur Radio Antenna Handheld Radio Antenna", "unit": "mm", "dimension": {"width": 370.1, "depth": 12.4, "height": 45.0}, "img_urls": ["https://images-na.ssl-images-amazon.com/images/I/21PuqSARCCL.jpg", "https://images-na.ssl-images-amazon.com/images/I/214-IIReSzL.jpg", "https://images-na.ssl-images-amazon.com/images/I/312QrkEH-kL.jpg", "https://images-na.ssl-images-amazon.com/images/I/31Mfbx%2B7upL.jpg", "https://images-na.ssl-images-amazon.com/images/I/312nchjhzvL.jpg"]}