{"name": "Anteenna TW-B800 Zinc Alloy Metal Mobil Bracket For 144/440MHz Mobile Antenna 16mm Hole For L Type UHF Female ( SO-239 )", "unit": "mm", "dimension": {"width": 59.9, "depth": 49.5, "height": 38.1}, "img_urls": ["https://images-na.ssl-images-amazon.com/images/I/31xBckExjZL.jpg", "https://images-na.ssl-images-amazon.com/images/I/31-u60LajEL.jpg", "https://images-na.ssl-images-amazon.com/images/I/31zsFX8ReIL.jpg", "https://images-na.ssl-images-amazon.com/images/I/31VyeAd1GJL.jpg", "https://images-na.ssl-images-amazon.com/images/I/31fW8PQE37L.jpg", "https://images-na.ssl-images-amazon.com/images/I/31%2BnZf-FMbL.jpg"]}