{"name": "Anteenna TW-35UVM Magnetic Mobile (Ham) Antenna with PL-259 (UHF Male) Connector VHF/UHF 2Meter/70cm 144/440MHz 2pc Free Adaptor Connector (SO-239 to SMA Male/SO-239 to SMA Female) Handheld Radio", "unit": "mm", "dimension": {"width": 530.1, "depth": 15.0, "height": 68.1}, "img_urls": ["https://images-na.ssl-images-amazon.com/images/I/31D36ZimcJL.jpg", "https://images-na.ssl-images-amazon.com/images/I/31AF5zIxAEL.jpg", "https://images-na.ssl-images-amazon.com/images/I/41DWA5m2LzL.jpg"]}