{"name": "Retevis Car Radio Antenna Dual Band VHF/UHF Base-Load Magnet Mount and RG58 C/U Coaxial Cable with SL16/PL259 Connector for Mobile Ham Radio(1 Pack)", "unit": "mm", "dimension": {"width": 460.0, "depth": 140.0, "height": 50.0}, "img_urls": ["https://images-na.ssl-images-amazon.com/images/I/31NONm25b6L.jpg", "https://images-na.ssl-images-amazon.com/images/I/3130bl3v3FL.jpg", "https://images-na.ssl-images-amazon.com/images/I/31fqaEP5jHL.jpg", "https://images-na.ssl-images-amazon.com/images/I/319R2KPCtfL.jpg", "https://images-na.ssl-images-amazon.com/images/I/41s5cshkSqL.jpg", "https://images-na.ssl-images-amazon.com/images/I/41z1OIirdYL.jpg", "https://images-na.ssl-images-amazon.com/images/I/31eHKOPlQHL.jpg"]}