{"name": "Anteenna TW-7200 Ham Mobile Antenna with UHF Male Connector 144/440MHz VHF/UHF 2m/70cm Max Powr 150W 1 PC Free White Color of Adaptor Connector NMO to UHF Female (SO-239)", "unit": "mm", "dimension": {"width": 540.0, "depth": 70.1, "height": 39.9}, "img_urls": ["https://images-na.ssl-images-amazon.com/images/I/31c6qcSxMWL.jpg", "https://images-na.ssl-images-amazon.com/images/I/31L4HJo6jdL.jpg", "https://images-na.ssl-images-amazon.com/images/I/31lg33zTLNL.jpg", "https://images-na.ssl-images-amazon.com/images/I/31YqbLW7A-L.jpg", "https://images-na.ssl-images-amazon.com/images/I/31QoTlUX%2B3L.jpg"]}