{"name": "Anteenna TW-7900 Ham Mobile Antenna with UHF Male Connector 144/440MHz VHF/UHF 2m/70cm Max Powr 150W 1 PC Free White Color of Adaptor Connector NMO to UHF Female (SO-239)", "unit": "mm", "dimension": {"width": 540.0, "depth": 70.1, "height": 39.9}, "img_urls": ["https://images-na.ssl-images-amazon.com/images/I/2104QasYp6L.jpg", "https://images-na.ssl-images-amazon.com/images/I/21sUlo6xufL.jpg", "https://images-na.ssl-images-amazon.com/images/I/210UIhBGmIL.jpg", "https://images-na.ssl-images-amazon.com/images/I/31zdnaY1VqL.jpg", "https://images-na.ssl-images-amazon.com/images/I/31MzInoIFbL.jpg", "https://images-na.ssl-images-amazon.com/images/I/315ToYnrj0L.jpg"]}