{"name": "Anteenna TW-7000 Ham Mobile Antenna with UHF Male Connector 144/440MHz VHF/UHF 2m/70cm Max Powr 100W 1 PC Free White Color of Adaptor Connector NMO to UHF Female (SO-239)", "unit": "mm", "dimension": {"width": 484.9, "depth": 70.1, "height": 39.9}, "img_urls": ["https://images-na.ssl-images-amazon.com/images/I/21p%2BtA52vxL.jpg", "https://images-na.ssl-images-amazon.com/images/I/31EHDRTch9L.jpg", "https://images-na.ssl-images-amazon.com/images/I/21fcIBgbLxL.jpg", "https://images-na.ssl-images-amazon.com/images/I/31FlQWa2XBL.jpg", "https://images-na.ssl-images-amazon.com/images/I/41cmyncKZNL.jpg"]}