{"name": "Anteenna TW-77B Ham Mobile Antenna with UHF Male Connector 144/440MHz VHF/UHF 2m/70cm Max Powr 150W 1 PC Free Black Color of Adaptor Connector NMO to UHF Female (SO-239)", "unit": "mm", "dimension": {"width": 435.1, "depth": 18.0, "height": 18.0}, "img_urls": ["https://images-na.ssl-images-amazon.com/images/I/21yOZ99eTnL.jpg", "https://images-na.ssl-images-amazon.com/images/I/314GtVTD96L.jpg", "https://images-na.ssl-images-amazon.com/images/I/31uF6fjXhDL.jpg", "https://images-na.ssl-images-amazon.com/images/I/21T1QXUykhL.jpg", "https://images-na.ssl-images-amazon.com/images/I/31wV2f6-ESL.jpg"]}