{"name": "Anteenna TW-7500 Ham Mobile Antenna with UHF Male Connector 144/440MHz VHF/UHF 2m/70cm Max Powr 150W 1 PC Free White Color of Adaptor Connector NMO to UHF Female (SO-239)", "unit": "mm", "dimension": {"width": 540.0, "depth": 70.1, "height": 39.9}, "img_urls": ["https://images-na.ssl-images-amazon.com/images/I/21kSTTOgPuL.jpg", "https://images-na.ssl-images-amazon.com/images/I/31Vdh8oncIL.jpg", "https://images-na.ssl-images-amazon.com/images/I/318VHpYqVML.jpg", "https://images-na.ssl-images-amazon.com/images/I/31GCZKHaxWL.jpg", "https://images-na.ssl-images-amazon.com/images/I/316fBJ1ObzL.jpg", "https://images-na.ssl-images-amazon.com/images/I/31LoTfSkHEL.jpg"]}