{"name": "KS K-STORM 144/430Mhz Ham SMA-F VHF/UHF Outdoor Walkie Talkie Antenna for Kenwood TK-208/TK-240 Baofeng UV5R/888S 2 Way Radio", "unit": "mm", "dimension": {"width": 356.1, "depth": 9.9, "height": 9.9}, "img_urls": ["https://images-na.ssl-images-amazon.com/images/I/31mH43zOI8L.jpg", "https://images-na.ssl-images-amazon.com/images/I/31oQlhsoxQL.jpg", "https://images-na.ssl-images-amazon.com/images/I/31ElCqPtcFL.jpg", "https://images-na.ssl-images-amazon.com/images/I/41UpSLxrXxL.jpg", "https://images-na.ssl-images-amazon.com/images/I/41SOh%2BbWItL.jpg"]}