{"name": "Anteenna TW-770S Ham Mobile Antenna with UHF Male Connector 144/440MHz (U.S.A. Frequency) VHF/UHF 2m/70cm Max Powr 100W 1PC Free White Color of Adaptor Connector NMO to UHF Female (SO-239) Taiwan", "unit": "mm", "dimension": {"width": 424.9, "depth": 39.9, "height": 39.9}, "img_urls": ["https://images-na.ssl-images-amazon.com/images/I/21-UzZ3XdqL.jpg", "https://images-na.ssl-images-amazon.com/images/I/314rqWnliHL.jpg", "https://images-na.ssl-images-amazon.com/images/I/31xSY9anN5L.jpg", "https://images-na.ssl-images-amazon.com/images/I/215eQE4xzrL.jpg", "https://images-na.ssl-images-amazon.com/images/I/315ktIiPNzL.jpg"]}