{"name": "NKTECH Mini SMA-Female Antenna VHF UHF 144/430Mhz for BaoFeng BF-F8HP UV-82HP BF-888S UV-5R UV-82 UV-82C UV-5X3 DMR-6X2 DM-1701 DM-1801 DM-5R GT-3WP H-777 Radios (1.45'' 10W NK-759M)", "unit": "mm", "dimension": {"width": 70.1, "depth": 30.0, "height": 30.0}, "img_urls": ["https://images-na.ssl-images-amazon.com/images/I/41yT2dkpavL.jpg", "https://images-na.ssl-images-amazon.com/images/I/41P15BhZp9L.jpg", "https://images-na.ssl-images-amazon.com/images/I/41VPuj5D03L.jpg", "https://images-na.ssl-images-amazon.com/images/I/51gfh7bKKxL.jpg", "https://images-na.ssl-images-amazon.com/images/I/41kM480jQTL.jpg", "https://images-na.ssl-images-amazon.com/images/I/51CjJ0Izk0L.jpg"]}