{"name": "Anteenna TW-777B (2 Packs) One is Straight Type and Another one is Swivel Type BNC Male Handheld Antenna Scanner Antenna (20-1300MHz) with BNC Male Connector for Scanner Radio and Frequency Counters", "unit": "mm", "dimension": {"width": 162.1, "depth": 20.1, "height": 20.1}, "img_urls": ["https://images-na.ssl-images-amazon.com/images/I/31TlMCExU4L.jpg", "https://images-na.ssl-images-amazon.com/images/I/318NQhz9ZGL.jpg", "https://images-na.ssl-images-amazon.com/images/I/314ua5f-YGL.jpg"]}