{"name": "Anteenna TW-Z504 Ham Mobile Antenna with UHF Male Connector 144/440MHz VHF/UHF 2m/70cm Max Powr 50W 1 PC Free White Color of Adaptor Connector NMO to UHF Female (SO-239)", "unit": "mm", "dimension": {"width": 471.9, "depth": 70.1, "height": 39.9}, "img_urls": ["https://images-na.ssl-images-amazon.com/images/I/21AT8gvZmyL.jpg", "https://images-na.ssl-images-amazon.com/images/I/21y--ymSqmL.jpg", "https://images-na.ssl-images-amazon.com/images/I/21ATU0pnA8L.jpg", "https://images-na.ssl-images-amazon.com/images/I/31QhyMxifIL.jpg"]}