{"name": "Anteenna TW-M507 Ham Mobile Antenna with UHF Male Connector 144/440MHz VHF/UHF 2m/70cm Max Powr 70W 1 PC Free White Color of Adaptor Connector NMO to UHF Female (SO-239)", "unit": "mm", "dimension": {"width": 430.0, "depth": 70.1, "height": 39.9}, "img_urls": ["https://images-na.ssl-images-amazon.com/images/I/21x4q4APolL.jpg", "https://images-na.ssl-images-amazon.com/images/I/21V5p1lCCuL.jpg", "https://images-na.ssl-images-amazon.com/images/I/314RYQhCPvL.jpg", "https://images-na.ssl-images-amazon.com/images/I/31xLPKA-Y2L.jpg", "https://images-na.ssl-images-amazon.com/images/I/21bNCIRI38L.jpg", "https://images-na.ssl-images-amazon.com/images/I/31vVBlVLEYL.jpg"]}