{"name": "Anteenna TW-M510 Ham Mobile Antenna with UHF Male Connector 144/440MHz VHF/UHF 2m/70cm Max Powr 100W 1 PC Free White Color of Adaptor Connector NMO to UHF Female (SO-239)", "unit": "mm", "dimension": {"width": 500.1, "depth": 70.1, "height": 39.9}, "img_urls": ["https://images-na.ssl-images-amazon.com/images/I/21eg6z1vDKL.jpg", "https://images-na.ssl-images-amazon.com/images/I/212mH8eDVOL.jpg", "https://images-na.ssl-images-amazon.com/images/I/310w1a7CpXL.jpg", "https://images-na.ssl-images-amazon.com/images/I/31hR8ulQv7L.jpg", "https://images-na.ssl-images-amazon.com/images/I/21XYfdD6KVL.jpg", "https://images-na.ssl-images-amazon.com/images/I/31eNDs558aL.jpg"]}