{"name": "Anteenna TW-Z505 Ham Mobile Antenna with UHF Male Connector 144/440MHz VHF/UHF 2m/70cm Max Powr 50W 1 PC Free White Color of Adaptor Connector NMO to UHF Female (SO-239)", "unit": "mm", "dimension": {"width": 446.0, "depth": 70.1, "height": 39.9}, "img_urls": ["https://images-na.ssl-images-amazon.com/images/I/21gcQjPkTTL.jpg", "https://images-na.ssl-images-amazon.com/images/I/21x-kkX1mML.jpg", "https://images-na.ssl-images-amazon.com/images/I/21zPP2id4dL.jpg", "https://images-na.ssl-images-amazon.com/images/I/31DIw%2Bsbq9L.jpg"]}