{"name": "Walkie Talkie Antenna 15.6 Inch Whip Dual Band UV VHF/UHF 144/430hz Antennas SMA-Female for Kenwood TYT Baofeng UV-5R UV-82 BF-F8HP by Luiton (4 Pack)", "unit": "mm", "dimension": {"width": 381.0, "depth": 2.5, "height": 25.4}, "img_urls": ["https://images-na.ssl-images-amazon.com/images/I/410b8oO0QOL.jpg", "https://images-na.ssl-images-amazon.com/images/I/31yiAHlncnL.jpg", "https://images-na.ssl-images-amazon.com/images/I/31xmMp%2BKFdL.jpg", "https://images-na.ssl-images-amazon.com/images/I/41aoZGidiSL.jpg", "https://images-na.ssl-images-amazon.com/images/I/41-VCIw0lNL.jpg", "https://images-na.ssl-images-amazon.com/images/I/31DI-O%2BWE%2BL.jpg", "https://images-na.ssl-images-amazon.com/images/I/41hu0hM8IML.jpg"]}