{"name": "Dualband Radio Antenna 48CM Folding Ruler Antenna SMA-Female VHF/UHF 136/520 MHz for Baofeng BF-888S, UV-5R, UV-5RA, UV-5RC Two Way Radio", "unit": "mm", "dimension": {"width": 471.9, "depth": 22.1, "height": 20.1}, "img_urls": ["https://images-na.ssl-images-amazon.com/images/I/312i0vwudBL.jpg", "https://images-na.ssl-images-amazon.com/images/I/417Awzq7M5L.jpg", "https://images-na.ssl-images-amazon.com/images/I/41oHd4T1saL.jpg", "https://images-na.ssl-images-amazon.com/images/I/31fL8hTQwdL.jpg", "https://images-na.ssl-images-amazon.com/images/I/21eQghnat-L.jpg", "https://images-na.ssl-images-amazon.com/images/I/21Ur5pD7edL.jpg"]}