{"name": "Zopsc 3.5dBi High Gain SMA Female Antenna Handheld Foldable SMA-Female Connector Dual Band 144/430MHz Radio Antenna, Suitable for Yaesu VX-2R VX-3R VX-8D Radios", "unit": "mm", "dimension": {"width": 20.1, "depth": 20.1, "height": 20.1}, "img_urls": ["https://images-na.ssl-images-amazon.com/images/I/312ZYy-bLbL.jpg", "https://images-na.ssl-images-amazon.com/images/I/61GEIymHR6L.jpg", "https://images-na.ssl-images-amazon.com/images/I/310%2BfKhgIvL.jpg", "https://images-na.ssl-images-amazon.com/images/I/416O%2BzUmoOL.jpg", "https://images-na.ssl-images-amazon.com/images/I/31Y5vo5cdCL.jpg", "https://images-na.ssl-images-amazon.com/images/I/317Y-72M4yL.jpg", "https://images-na.ssl-images-amazon.com/images/I/41ebJ1ovDaL.jpg"]}