{"name": "2Pcs SMA Female Intercom High Gain Antenna Short Dual Frequency Whip Antenna for UV-5R 5RA 5RB 5RE UV-B5 B8 UV-82", "unit": "mm", "dimension": {"width": 20.1, "depth": 20.1, "height": 20.1}, "img_urls": ["https://images-na.ssl-images-amazon.com/images/I/31CVsc7qVJL.jpg", "https://images-na.ssl-images-amazon.com/images/I/41NKh7MhgoL.jpg", "https://images-na.ssl-images-amazon.com/images/I/31Pfv2r91OL.jpg", "https://images-na.ssl-images-amazon.com/images/I/41d711BRumL.jpg", "https://images-na.ssl-images-amazon.com/images/I/41NWcAA16tL.jpg", "https://images-na.ssl-images-amazon.com/images/I/31RMTng1qlL.jpg", "https://images-na.ssl-images-amazon.com/images/I/31F6X-juP3L.jpg"]}