{"name": "Walkie Talkie Antenna 15.6-Inch Whip Dual Band UV VHF/UHF 144/430Mhz Antennas SMA-F for UV-82 UV-B5 GT-3 BF-F8HP UV-5RA UV-5RE UV-5R by LUITON (6 Pack)", "unit": "mm", "dimension": {"width": 396.2, "depth": 2.5, "height": 25.4}, "img_urls": ["https://images-na.ssl-images-amazon.com/images/I/41HlohF6beL.jpg", "https://images-na.ssl-images-amazon.com/images/I/41jayewMxtL.jpg", "https://images-na.ssl-images-amazon.com/images/I/41-VCIw0lNL.jpg", "https://images-na.ssl-images-amazon.com/images/I/31AI4P02kTL.jpg", "https://images-na.ssl-images-amazon.com/images/I/3118mNwzCeL.jpg", "https://images-na.ssl-images-amazon.com/images/I/41jgNDplBlL.jpg"]}