{"name": "Walkie Talkie Antenna, SMA Female Telescopic Antenna for Two-Way Radio, Best Performance at 136-174mHz Antenna, Single Band VHF", "unit": "mm", "dimension": {"width": 50.0, "depth": 50.0, "height": 50.0}, "img_urls": ["https://images-na.ssl-images-amazon.com/images/I/31yqz-xjzrL.jpg", "https://images-na.ssl-images-amazon.com/images/I/41wpez88YJL.jpg", "https://images-na.ssl-images-amazon.com/images/I/413qp0ez8tL.jpg", "https://images-na.ssl-images-amazon.com/images/I/41Ir8M4KIHL.jpg", "https://images-na.ssl-images-amazon.com/images/I/41OohfYLvyL.jpg", "https://images-na.ssl-images-amazon.com/images/I/31RmximRkzL.jpg", "https://images-na.ssl-images-amazon.com/images/I/31Usj9JyFOL.jpg"]}