{"name": "2 Way Radios Foldable Antenna 31.5inch with Dual Band VHF/UHF 144/430Mhz and SMA Female for Kenwood Baofeng BF-F8HP BF-888S UV-5R Retevis H-777 (31inch)", "unit": "mm", "dimension": {"width": 254.0, "depth": 50.8, "height": 25.4}, "img_urls": ["https://images-na.ssl-images-amazon.com/images/I/41LoIjfd1OL.jpg", "https://images-na.ssl-images-amazon.com/images/I/31j%2BvMLnuiL.jpg", "https://images-na.ssl-images-amazon.com/images/I/31UYKp91efL.jpg", "https://images-na.ssl-images-amazon.com/images/I/41tbXigC3tL.jpg", "https://images-na.ssl-images-amazon.com/images/I/31dKRsv3GoL.jpg"]}