{"name": "Ailunce AY03 Yagi Antenna UHF 400-470MHz Antenna 5 Elements 100W High Gain 9dBi Antenna for Mobile Radio Two-Way Radio Mobile Transceivers (1 Pack)", "unit": "mm", "dimension": {"width": 724.9, "depth": 380.0, "height": 48.0}, "img_urls": ["https://images-na.ssl-images-amazon.com/images/I/31JZzhxM1wL.jpg", "https://images-na.ssl-images-amazon.com/images/I/41JlQj4peXL.jpg", "https://images-na.ssl-images-amazon.com/images/I/4138vsEE-mL.jpg", "https://images-na.ssl-images-amazon.com/images/I/21m9MMw8K3L.jpg", "https://images-na.ssl-images-amazon.com/images/I/31S3rEqqtPL.jpg", "https://images-na.ssl-images-amazon.com/images/I/31oVSWsZSnL.jpg", "https://images-na.ssl-images-amazon.com/images/I/31Q%2BoZGw2WL.jpg"]}