{"name": "Dual Band VHF UHF 136174MHz 400470MHz Handheld HT Walkie Talkie Ham Two Way Radio SMA Female Flexible Rubber Antenna 2Pack Compatible with Kenwood Baofeng BFF8HP UV5R UV82 BF888S (2PACK)", "unit": "mm", "dimension": {"width": 50.8, "depth": 25.4, "height": 25.4}, "img_urls": ["https://images-na.ssl-images-amazon.com/images/I/314nhagQjcL.jpg", "https://images-na.ssl-images-amazon.com/images/I/41i2oHaTWzL.jpg", "https://images-na.ssl-images-amazon.com/images/I/313d3mmutdL.jpg", "https://images-na.ssl-images-amazon.com/images/I/4130wKUb7sL.jpg", "https://images-na.ssl-images-amazon.com/images/I/31nPm7jA8IL.jpg", "https://images-na.ssl-images-amazon.com/images/I/41RAkbYPu5L.jpg", "https://images-na.ssl-images-amazon.com/images/I/41tDvHWY9TL.jpg"]}