{"name": "IMAK Hand/Elbow SmartGlove with Thumb Size: Large", "unit": "mm", "dimension": {"width": 38.1, "depth": 95.2, "height": 177.8}, "img_urls": ["https://images-na.ssl-images-amazon.com/images/I/41kuchKeH1L.jpg", "https://images-na.ssl-images-amazon.com/images/I/41kuchKeH1L.jpg", "https://images-na.ssl-images-amazon.com/images/I/31nMLZ4RSsL.jpg", "https://images-na.ssl-images-amazon.com/images/I/41sx02I2bpL.jpg", "https://images-na.ssl-images-amazon.com/images/I/41QpeiA507L.jpg", "https://images-na.ssl-images-amazon.com/images/I/51OqrtTH3uL.jpg", "https://images-na.ssl-images-amazon.com/images/I/41SC8Ij0krL.jpg"]}