{"name": "Finger Protectors [MAX-Protect Series] - Super Durable and Flexible Latex Rubber [20 Pack] - Medium (20)", "unit": "mm", "dimension": {"width": 30.0, "depth": 20.1, "height": 50.0}, "img_urls": ["https://images-na.ssl-images-amazon.com/images/I/51Abqn1V7AL.jpg", "https://images-na.ssl-images-amazon.com/images/I/41uZ9bJ9SRL.jpg", "https://images-na.ssl-images-amazon.com/images/I/51IKtEVZg7L.jpg", "https://images-na.ssl-images-amazon.com/images/I/41XOCUOgUZL.jpg", "https://images-na.ssl-images-amazon.com/images/I/515fnSgY7qL.jpg"]}