{"name": "ROSENICE Compression Gloves Single Magnetic Therapy Gloves Silicone Wrist Support Brace with Thumb Hole for Hand Arthritis Pain Relief", "unit": "mm", "dimension": {"width": 135.9, "depth": 70.1, "height": 9.9}, "img_urls": ["https://images-na.ssl-images-amazon.com/images/I/31tF%2B0TtOgL.jpg", "https://images-na.ssl-images-amazon.com/images/I/41j2r0LaDYL.jpg", "https://images-na.ssl-images-amazon.com/images/I/41TCLgb%2BRwL.jpg", "https://images-na.ssl-images-amazon.com/images/I/317I0d8uHFL.jpg", "https://images-na.ssl-images-amazon.com/images/I/41mFlICO9qL.jpg", "https://images-na.ssl-images-amazon.com/images/I/31gRicbKYyL.jpg", "https://images-na.ssl-images-amazon.com/images/I/41sUlCJV2YL.jpg"]}