{"name": "Arm Sling Shoulder Immobilizer Rotator Cuff Elbow Support Brace Adjustable Strap Medical Sling for Men and Women", "unit": "mm", "dimension": {"width": 9.9, "depth": 9.9, "height": 9.9}, "img_urls": ["https://images-na.ssl-images-amazon.com/images/I/51nzlRsK0RL.jpg", "https://images-na.ssl-images-amazon.com/images/I/51o49XZ8O7L.jpg", "https://images-na.ssl-images-amazon.com/images/I/41JH1tqNe%2BL.jpg", "https://images-na.ssl-images-amazon.com/images/I/61J2welTotL.jpg", "https://images-na.ssl-images-amazon.com/images/I/51ErjgmWBDL.jpg", "https://images-na.ssl-images-amazon.com/images/I/51i0n1IPnlL.jpg", "https://images-na.ssl-images-amazon.com/images/I/41YrcI4CcVL.jpg"]}