{"name": "INFILM Carpal Tunnel Wrist Brace,Magnetic Gel Wrist Support Braces,Waterproof Compression Gloves for Arthritis Tendonitis Hand Pain Relief Pressure Corrector,2 Pairs", "unit": "mm", "dimension": {"width": 39.9, "depth": 39.9, "height": 39.9}, "img_urls": ["https://images-na.ssl-images-amazon.com/images/I/41-y0JhC3LL.jpg", "https://images-na.ssl-images-amazon.com/images/I/31UgXy6ltkL.jpg", "https://images-na.ssl-images-amazon.com/images/I/31qph2ja2pL.jpg", "https://images-na.ssl-images-amazon.com/images/I/51vjJqS-c1L.jpg", "https://images-na.ssl-images-amazon.com/images/I/41VhGAQjobL.jpg", "https://images-na.ssl-images-amazon.com/images/I/41sustEAuaL.jpg", "https://images-na.ssl-images-amazon.com/images/I/31h40726UEL.jpg"]}