{"name": "FANMATS NFL Philadelphia Eagles Nylon Face All-Star Rug", "unit": "mm", "dimension": {"width": 863.6, "depth": 86.4, "height": 25.4}, "img_urls": ["https://images-na.ssl-images-amazon.com/images/I/51ko5a-dYIL.jpg", "https://images-na.ssl-images-amazon.com/images/I/51%2B8G42Gm%2BL.jpg", "https://images-na.ssl-images-amazon.com/images/I/61w3tkNIWEL.jpg", "https://images-na.ssl-images-amazon.com/images/I/61h8MtsVIaL.jpg", "https://images-na.ssl-images-amazon.com/images/I/61qQHqCoNpL.jpg"]}