{"name": "FANMATS NCAA UNC University of North Carolina - Chapel Hill Tar Heels Nylon Face Football Rug", "unit": "mm", "dimension": {"width": 558.8, "depth": 35.6, "height": 12.7}, "img_urls": ["https://images-na.ssl-images-amazon.com/images/I/51msMlPd9%2BL.jpg", "https://images-na.ssl-images-amazon.com/images/I/51zEDBvV%2BtL.jpg", "https://images-na.ssl-images-amazon.com/images/I/61P7fdQB8BL.jpg", "https://images-na.ssl-images-amazon.com/images/I/61w3tkNIWEL.jpg", "https://images-na.ssl-images-amazon.com/images/I/61qQHqCoNpL.jpg"]}