{"name": "FANMATS NCAA University of Illinois Fighting Illini Nylon Face Basketball Court Runner", "unit": "mm", "dimension": {"width": 1828.8, "depth": 127.0, "height": 6.3}, "img_urls": ["https://images-na.ssl-images-amazon.com/images/I/51rVLryAlnL.jpg", "https://images-na.ssl-images-amazon.com/images/I/51Mc571ZRlL.jpg", "https://images-na.ssl-images-amazon.com/images/I/61w3tkNIWEL.jpg", "https://images-na.ssl-images-amazon.com/images/I/61h8MtsVIaL.jpg", "https://images-na.ssl-images-amazon.com/images/I/61qQHqCoNpL.jpg"]}