{"name": "FANMATS NCAA Montana State University Fighting Bobcats Nylon Face Basketball Rug", "unit": "mm", "dimension": {"width": 660.4, "depth": 43.2, "height": 12.7}, "img_urls": ["https://images-na.ssl-images-amazon.com/images/I/51ta-Ie3vtL.jpg", "https://images-na.ssl-images-amazon.com/images/I/51w9aP6zDxL.jpg", "https://images-na.ssl-images-amazon.com/images/I/61P7fdQB8BL.jpg", "https://images-na.ssl-images-amazon.com/images/I/61w3tkNIWEL.jpg", "https://images-na.ssl-images-amazon.com/images/I/61qQHqCoNpL.jpg"]}