{"name": "FANMATS NCAA University of Georgia Bulldogs Nylon Face 4X6 Plush Rug", "unit": "mm", "dimension": {"width": 1828.8, "depth": 241.3, "height": 6.3}, "img_urls": ["https://images-na.ssl-images-amazon.com/images/I/514u7JD28QL.jpg", "https://images-na.ssl-images-amazon.com/images/I/61X2UmM%2BjbL.jpg", "https://images-na.ssl-images-amazon.com/images/I/61WVhv67NpL.jpg", "https://images-na.ssl-images-amazon.com/images/I/51Swq24JfiL.jpg", "https://images-na.ssl-images-amazon.com/images/I/610uR41je9L.jpg"]}