{"name": "FANMATS 12262 Michigan State University Utility Mat - 2 Piece, 14\" x 17\",Team Color", "unit": "mm", "dimension": {"width": 431.8, "depth": 76.2, "height": 19.0}, "img_urls": ["https://images-na.ssl-images-amazon.com/images/I/41hhRe5bodL.jpg", "https://images-na.ssl-images-amazon.com/images/I/51qbj0wKfoL.jpg", "https://images-na.ssl-images-amazon.com/images/I/61Mqe-XgrgL.jpg", "https://images-na.ssl-images-amazon.com/images/I/41TkvnQ3-gL.jpg", "https://images-na.ssl-images-amazon.com/images/I/51y6WVHJqOL.jpg"]}