{"name": "FANMATS NBA Los Angeles Clippers Nylon Face NBA Court Runner-Small", "unit": "mm", "dimension": {"width": 1117.6, "depth": 50.8, "height": 6.3}, "img_urls": ["https://images-na.ssl-images-amazon.com/images/I/51yzUi8jTGL.jpg", "https://images-na.ssl-images-amazon.com/images/I/61eQXPOC8xL.jpg", "https://images-na.ssl-images-amazon.com/images/I/61w3tkNIWEL.jpg", "https://images-na.ssl-images-amazon.com/images/I/61h8MtsVIaL.jpg", "https://images-na.ssl-images-amazon.com/images/I/61qQHqCoNpL.jpg"]}