{"name": "FANMATS - 10476 NHL New York Rangers Nylon Face Football Field Runner", "unit": "mm", "dimension": {"width": 1828.8, "depth": 127.0, "height": 6.3}, "img_urls": ["https://images-na.ssl-images-amazon.com/images/I/51v5-XaiAML.jpg", "https://images-na.ssl-images-amazon.com/images/I/61avUzaLawL.jpg", "https://images-na.ssl-images-amazon.com/images/I/61w3tkNIWEL.jpg", "https://images-na.ssl-images-amazon.com/images/I/61q8bI7xBgL.jpg", "https://images-na.ssl-images-amazon.com/images/I/61qQHqCoNpL.jpg"]}