{"name": "FANMATS NCAA University of Minnesota Golden Gophers Nylon Face Baseball Rug", "unit": "mm", "dimension": {"width": 660.4, "depth": 43.2, "height": 12.7}, "img_urls": ["https://images-na.ssl-images-amazon.com/images/I/51lpRrxfQ%2BL.jpg", "https://images-na.ssl-images-amazon.com/images/I/51HxJELuLQL.jpg", "https://images-na.ssl-images-amazon.com/images/I/61P7fdQB8BL.jpg", "https://images-na.ssl-images-amazon.com/images/I/61w3tkNIWEL.jpg", "https://images-na.ssl-images-amazon.com/images/I/61qQHqCoNpL.jpg"]}