{"name": "FANMATS NCAA South Dakota State University Jackrabbits Nylon Face Starter Rug", "unit": "mm", "dimension": {"width": 762.0, "depth": 45.7, "height": 6.3}, "img_urls": ["https://images-na.ssl-images-amazon.com/images/I/51NACQ77veL.jpg", "https://images-na.ssl-images-amazon.com/images/I/51rIrtLoO9L.jpg", "https://images-na.ssl-images-amazon.com/images/I/61w3tkNIWEL.jpg", "https://images-na.ssl-images-amazon.com/images/I/61h8MtsVIaL.jpg", "https://images-na.ssl-images-amazon.com/images/I/61qQHqCoNpL.jpg"]}