{"name": "FANMATS NCAA University of Memphis Tigers Nylon Face Baseball Rug", "unit": "mm", "dimension": {"width": 660.4, "depth": 43.2, "height": 12.7}, "img_urls": ["https://images-na.ssl-images-amazon.com/images/I/517a95CZtWL.jpg", "https://images-na.ssl-images-amazon.com/images/I/51gowj8DJ4L.jpg", "https://images-na.ssl-images-amazon.com/images/I/61P7fdQB8BL.jpg", "https://images-na.ssl-images-amazon.com/images/I/61w3tkNIWEL.jpg", "https://images-na.ssl-images-amazon.com/images/I/61qQHqCoNpL.jpg"]}