{"name": "FANMATS NBA Los Angeles Clippers Nylon Face 5X8 Plush Rug", "unit": "mm", "dimension": {"width": 2336.8, "depth": 401.3, "height": 6.3}, "img_urls": ["https://images-na.ssl-images-amazon.com/images/I/51pbGwg126L.jpg", "https://images-na.ssl-images-amazon.com/images/I/611PxCnL0GL.jpg", "https://images-na.ssl-images-amazon.com/images/I/61WVhv67NpL.jpg", "https://images-na.ssl-images-amazon.com/images/I/51Swq24JfiL.jpg", "https://images-na.ssl-images-amazon.com/images/I/610uR41je9L.jpg"]}