{"name": "FANMATS NCAA University of Nebraska Cornhuskers Nylon Face Carpet Car Mat", "unit": "mm", "dimension": {"width": 685.8, "depth": 101.6, "height": 12.7}, "img_urls": ["https://images-na.ssl-images-amazon.com/images/I/51dwducZUmL.jpg", "https://images-na.ssl-images-amazon.com/images/I/51kU4zRRq0L.jpg", "https://images-na.ssl-images-amazon.com/images/I/61WafCVEjbL.jpg", "https://images-na.ssl-images-amazon.com/images/I/61P7fdQB8BL.jpg", "https://images-na.ssl-images-amazon.com/images/I/61qQHqCoNpL.jpg"]}