{"name": "FANMATS 14489 NHL Tampa Bay Lightning Nylon Universal Man Cave All-Star Mat", "unit": "mm", "dimension": {"width": 863.6, "depth": 86.4, "height": 25.4}, "img_urls": ["https://images-na.ssl-images-amazon.com/images/I/51d2H1gw6HL.jpg", "https://images-na.ssl-images-amazon.com/images/I/519Xw5t%2BdrL.jpg", "https://images-na.ssl-images-amazon.com/images/I/61w3tkNIWEL.jpg", "https://images-na.ssl-images-amazon.com/images/I/61h8MtsVIaL.jpg", "https://images-na.ssl-images-amazon.com/images/I/61qQHqCoNpL.jpg"]}