{"name": "FANMATS 14665 University of Miami Nylon Universal Man Cave All-Star Mat", "unit": "mm", "dimension": {"width": 863.6, "depth": 86.4, "height": 25.4}, "img_urls": ["https://images-na.ssl-images-amazon.com/images/I/51l2iqiUcKL.jpg", "https://images-na.ssl-images-amazon.com/images/I/51Mxd80eo6L.jpg", "https://images-na.ssl-images-amazon.com/images/I/61w3tkNIWEL.jpg", "https://images-na.ssl-images-amazon.com/images/I/61h8MtsVIaL.jpg", "https://images-na.ssl-images-amazon.com/images/I/61qQHqCoNpL.jpg"]}