{"name": "FANMATS 15514 University of South Carolina Golf Hitting Mat", "unit": "mm", "dimension": {"width": 508.0, "depth": 127.0, "height": 25.4}, "img_urls": ["https://images-na.ssl-images-amazon.com/images/I/51yVPY2s2jL.jpg", "https://images-na.ssl-images-amazon.com/images/I/61qMEN9wJcL.jpg", "https://images-na.ssl-images-amazon.com/images/I/511YQDtQlmL.jpg", "https://images-na.ssl-images-amazon.com/images/I/61VKSny6%2BOL.jpg", "https://images-na.ssl-images-amazon.com/images/I/51K8oYOhZSL.jpg"]}