{"name": "FANMATS 15511 University of Nebraska Golf Hitting Mat", "unit": "mm", "dimension": {"width": 508.0, "depth": 127.0, "height": 25.4}, "img_urls": ["https://images-na.ssl-images-amazon.com/images/I/61nnLtd49FL.jpg", "https://images-na.ssl-images-amazon.com/images/I/61L54m%2B6kmL.jpg", "https://images-na.ssl-images-amazon.com/images/I/511YQDtQlmL.jpg", "https://images-na.ssl-images-amazon.com/images/I/61VKSny6%2BOL.jpg", "https://images-na.ssl-images-amazon.com/images/I/51K8oYOhZSL.jpg"]}