{"name": "FANMATS 15488 Washington Capitals Golf Hitting Mat,Black and Green,20\" x 17\"", "unit": "mm", "dimension": {"width": 508.0, "depth": 127.0, "height": 25.4}, "img_urls": ["https://images-na.ssl-images-amazon.com/images/I/51tmLBX-KBL.jpg", "https://images-na.ssl-images-amazon.com/images/I/615FKc71dkL.jpg", "https://images-na.ssl-images-amazon.com/images/I/511YQDtQlmL.jpg", "https://images-na.ssl-images-amazon.com/images/I/61VKSny6%2BOL.jpg", "https://images-na.ssl-images-amazon.com/images/I/51K8oYOhZSL.jpg"]}