{"name": "FANMATS 15518 Virginia Tech Golf Hitting Mat,Black and Green,20\" x 17\"", "unit": "mm", "dimension": {"width": 508.0, "depth": 127.0, "height": 25.4}, "img_urls": ["https://images-na.ssl-images-amazon.com/images/I/51bTCh9dKyL.jpg", "https://images-na.ssl-images-amazon.com/images/I/61gmhLWx%2BFL.jpg", "https://images-na.ssl-images-amazon.com/images/I/511YQDtQlmL.jpg", "https://images-na.ssl-images-amazon.com/images/I/61VKSny6%2BOL.jpg", "https://images-na.ssl-images-amazon.com/images/I/51K8oYOhZSL.jpg"]}