{"name": "FANMATS 17346 Team Color 33.75\"x42.5\" Vanderbilt Fan Cave All-Star Mat", "unit": "mm", "dimension": {"width": 863.6, "depth": 584.2, "height": 25.4}, "img_urls": ["https://images-na.ssl-images-amazon.com/images/I/51-9FlpgPvL.jpg", "https://images-na.ssl-images-amazon.com/images/I/61Dx3U%2B6LsL.jpg", "https://images-na.ssl-images-amazon.com/images/I/61w3tkNIWEL.jpg", "https://images-na.ssl-images-amazon.com/images/I/61q8bI7xBgL.jpg", "https://images-na.ssl-images-amazon.com/images/I/61qQHqCoNpL.jpg"]}