{"name": "FANMATS 17258 Team Color 33.75\"x42.5\" Colorado State Man Cave All-Star Mat", "unit": "mm", "dimension": {"width": 863.6, "depth": 584.2, "height": 25.4}, "img_urls": ["https://images-na.ssl-images-amazon.com/images/I/51WYgkCpbrL.jpg", "https://images-na.ssl-images-amazon.com/images/I/61hwsfofsRL.jpg", "https://images-na.ssl-images-amazon.com/images/I/61w3tkNIWEL.jpg", "https://images-na.ssl-images-amazon.com/images/I/61q8bI7xBgL.jpg", "https://images-na.ssl-images-amazon.com/images/I/61qQHqCoNpL.jpg"]}