{"name": "FANMATS 17246 Team Color 33.75\"x42.5\" Boston College Man Cave All-Star Mat", "unit": "mm", "dimension": {"width": 863.6, "depth": 584.2, "height": 25.4}, "img_urls": ["https://images-na.ssl-images-amazon.com/images/I/51Nj6ZFt4uL.jpg", "https://images-na.ssl-images-amazon.com/images/I/51pegX2WfML.jpg", "https://images-na.ssl-images-amazon.com/images/I/61w3tkNIWEL.jpg", "https://images-na.ssl-images-amazon.com/images/I/61q8bI7xBgL.jpg", "https://images-na.ssl-images-amazon.com/images/I/61qQHqCoNpL.jpg"]}