{"name": "NCAA University of South Florida Man Cave All-Star Mat, 34\" x 45\"/Small, Black", "unit": "mm", "dimension": {"width": 863.6, "depth": 584.2, "height": 25.4}, "img_urls": ["https://images-na.ssl-images-amazon.com/images/I/51tqpRffUaL.jpg", "https://images-na.ssl-images-amazon.com/images/I/61asHr6bOGL.jpg", "https://images-na.ssl-images-amazon.com/images/I/61w3tkNIWEL.jpg", "https://images-na.ssl-images-amazon.com/images/I/61q8bI7xBgL.jpg", "https://images-na.ssl-images-amazon.com/images/I/61qQHqCoNpL.jpg"]}