{"name": "FANMATS 17314 Team Color 33.75\"x42.5\" Pittsburgh Man Cave All-Star Mat", "unit": "mm", "dimension": {"width": 863.6, "depth": 584.2, "height": 25.4}, "img_urls": ["https://images-na.ssl-images-amazon.com/images/I/51dQjtwWrHL.jpg", "https://images-na.ssl-images-amazon.com/images/I/616%2B7PZr-pL.jpg", "https://images-na.ssl-images-amazon.com/images/I/61q8bI7xBgL.jpg", "https://images-na.ssl-images-amazon.com/images/I/61w3tkNIWEL.jpg", "https://images-na.ssl-images-amazon.com/images/I/61qQHqCoNpL.jpg"]}