{"name": "FANMATS 2474 University of Arkansas at Pine Bluff Baseball Mat", "unit": "mm", "dimension": {"width": 685.8, "depth": 355.6, "height": 12.7}, "img_urls": ["https://images-na.ssl-images-amazon.com/images/I/51UDCZBUmcL.jpg", "https://images-na.ssl-images-amazon.com/images/I/51a2dkJw1zL.jpg", "https://images-na.ssl-images-amazon.com/images/I/61P7fdQB8BL.jpg", "https://images-na.ssl-images-amazon.com/images/I/61w3tkNIWEL.jpg", "https://images-na.ssl-images-amazon.com/images/I/61qQHqCoNpL.jpg"]}