{"name": "FANMATS 11332 NBA - Los Angeles Lakers Tailgater Rug, Team Color, 59.5\"x71\"", "unit": "mm", "dimension": {"width": 1511.3, "depth": 1803.4, "height": 6.3}, "img_urls": ["https://images-na.ssl-images-amazon.com/images/I/5196zsw4YpL.jpg", "https://images-na.ssl-images-amazon.com/images/I/61EFYcxSbaL.jpg", "https://images-na.ssl-images-amazon.com/images/I/61w3tkNIWEL.jpg", "https://images-na.ssl-images-amazon.com/images/I/61q8bI7xBgL.jpg", "https://images-na.ssl-images-amazon.com/images/I/61qQHqCoNpL.jpg"]}