{"name": "FANMATS 19572 Duke 'D' Basketball Mat, Team Color, 27\" Diameter", "unit": "mm", "dimension": {"width": 685.8, "depth": 685.8, "height": 6.3}, "img_urls": ["https://images-na.ssl-images-amazon.com/images/I/51-7qEypzOL.jpg", "https://images-na.ssl-images-amazon.com/images/I/51bUOJl0PrL.jpg", "https://images-na.ssl-images-amazon.com/images/I/61P7fdQB8BL.jpg", "https://images-na.ssl-images-amazon.com/images/I/61w3tkNIWEL.jpg", "https://images-na.ssl-images-amazon.com/images/I/61qQHqCoNpL.jpg"]}