{"name": "FANMATS 20976 NFL - Miami Dolphins Mascot Mat, Team Color, 3' x 4'", "unit": "mm", "dimension": {"width": 914.4, "depth": 1219.2, "height": 6.3}, "img_urls": ["https://images-na.ssl-images-amazon.com/images/I/51FGKa3QCJL.jpg", "https://images-na.ssl-images-amazon.com/images/I/61BdiqD3GDL.jpg", "https://images-na.ssl-images-amazon.com/images/I/61w3tkNIWEL.jpg", "https://images-na.ssl-images-amazon.com/images/I/61P7fdQB8BL.jpg", "https://images-na.ssl-images-amazon.com/images/I/61qQHqCoNpL.jpg"]}