{"name": "FANMATS 20338 MLB - St. Louis Cardinals 'STL' Baseball Mat, Team Color, 27\" Diameter", "unit": "mm", "dimension": {"width": 685.8, "depth": 685.8, "height": 6.3}, "img_urls": ["https://images-na.ssl-images-amazon.com/images/I/51C6R-3re0L.jpg", "https://images-na.ssl-images-amazon.com/images/I/61NoCUSre6L.jpg", "https://images-na.ssl-images-amazon.com/images/I/61NoCUSre6L.jpg", "https://images-na.ssl-images-amazon.com/images/I/61P7fdQB8BL.jpg", "https://images-na.ssl-images-amazon.com/images/I/61qQHqCoNpL.jpg"]}