{"name": "FANMATS 20963 NFL - Buffalo Bills Mascot Mat, Team Color, 3' x 4'", "unit": "mm", "dimension": {"width": 914.4, "depth": 1219.2, "height": 6.3}, "img_urls": ["https://images-na.ssl-images-amazon.com/images/I/516kxY9bQjL.jpg", "https://images-na.ssl-images-amazon.com/images/I/611athOJxVL.jpg", "https://images-na.ssl-images-amazon.com/images/I/61w3tkNIWEL.jpg", "https://images-na.ssl-images-amazon.com/images/I/61P7fdQB8BL.jpg", "https://images-na.ssl-images-amazon.com/images/I/61qQHqCoNpL.jpg"]}