{"name": "FANMATS 20713 Nebraska - Black Shirts 8'X10' Rug, Team Color, 87\"x117\"", "unit": "mm", "dimension": {"width": 2971.8, "depth": 2209.8, "height": 12.7}, "img_urls": ["https://images-na.ssl-images-amazon.com/images/I/51mXx6pobzL.jpg", "https://images-na.ssl-images-amazon.com/images/I/61%2BvV6C1IVL.jpg", "https://images-na.ssl-images-amazon.com/images/I/61WVhv67NpL.jpg", "https://images-na.ssl-images-amazon.com/images/I/51Swq24JfiL.jpg", "https://images-na.ssl-images-amazon.com/images/I/61slzfDyEtL.jpg"]}