{"name": "FANMATS 20333 MLB - Los Angeles Dodgers 'LA' Baseball Mat, Team Color, 27\" Diameter", "unit": "mm", "dimension": {"width": 685.8, "depth": 685.8, "height": 6.3}, "img_urls": ["https://images-na.ssl-images-amazon.com/images/I/51L4aBnRTUL.jpg", "https://images-na.ssl-images-amazon.com/images/I/61L73x87QZL.jpg", "https://images-na.ssl-images-amazon.com/images/I/61L73x87QZL.jpg", "https://images-na.ssl-images-amazon.com/images/I/61P7fdQB8BL.jpg", "https://images-na.ssl-images-amazon.com/images/I/61qQHqCoNpL.jpg"]}