{"name": "FANMATS 21677 33.75\"x42.5\" Team Color NFL - 49ers - Cowboys House Divided Rug", "unit": "mm", "dimension": {"width": 1079.5, "depth": 857.2, "height": 6.3}, "img_urls": ["https://images-na.ssl-images-amazon.com/images/I/51vjnu8OK2L.jpg", "https://images-na.ssl-images-amazon.com/images/I/61bAH-Kwd4L.jpg", "https://images-na.ssl-images-amazon.com/images/I/61w3tkNIWEL.jpg", "https://images-na.ssl-images-amazon.com/images/I/61q8bI7xBgL.jpg", "https://images-na.ssl-images-amazon.com/images/I/61qQHqCoNpL.jpg"]}