{"name": "HomeDora JC3005 2 feet 7 feet Decorative Geometric Stripe Area Rug Designer's Choice Extremely Durable Stain Resistant Smooth Cozy Pet Friendly, Impressed Rich Color", "unit": "mm", "dimension": {"width": 2209.8, "depth": 787.4, "height": 0.5}, "img_urls": ["https://images-na.ssl-images-amazon.com/images/I/5139gb3AOGL.jpg", "https://images-na.ssl-images-amazon.com/images/I/41E8HXJ6rZL.jpg", "https://images-na.ssl-images-amazon.com/images/I/41VwYdozCcL.jpg", "https://images-na.ssl-images-amazon.com/images/I/51bzFAFfmYL.jpg"]}