{"name": "Prayer Rug 110x65cm Tassel Tapestry anket Gift Home Carpet Embroidery Decoration Soft Lightweight Islamic Muslim Bedroom Portable Tablecloth", "unit": "mm", "dimension": {"width": 320.0, "depth": 100.1, "height": 80.0}, "img_urls": ["https://images-na.ssl-images-amazon.com/images/I/51t-pEPwr%2BL.jpg", "https://images-na.ssl-images-amazon.com/images/I/51X-eQ1OngL.jpg", "https://images-na.ssl-images-amazon.com/images/I/41e8TYQgYfL.jpg", "https://images-na.ssl-images-amazon.com/images/I/51MaO73Uf9L.jpg", "https://images-na.ssl-images-amazon.com/images/I/51SuuoamRoL.jpg"]}