{"name": "Band-Aid Brand Flexible Fabric Adhesive Bandages for Comfortable Flexible Protection & Wound Care of Minor Cuts & Scrapes, With Quilt-Aid Technology designed to Cushion Painful Wounds, All One Size, 1", "unit": "mm", "dimension": {"width": 44.4, "depth": 152.4, "height": 101.6}, "img_urls": ["https://images-na.ssl-images-amazon.com/images/I/31z%2B7O640wL.jpg", "https://images-na.ssl-images-amazon.com/images/I/51M%2BWPwiqaL.jpg", "https://images-na.ssl-images-amazon.com/images/I/51cpmjKtQRL.jpg", "https://images-na.ssl-images-amazon.com/images/I/41XWoCiWFPL.jpg", "https://images-na.ssl-images-amazon.com/images/I/51SETuHU7LL.jpg", "https://images-na.ssl-images-amazon.com/images/I/51ci-gBHULL.jpg", "https://images-na.ssl-images-amazon.com/images/I/518PPah2XZL.jpg"]}