{"name": "Fairly Odd Novelties Donald Trump Full Color Novelty Adhesive Bandages - Making Boo Boo's Great Again", "unit": "mm", "dimension": {"width": 17.5, "depth": 68.3, "height": 127.0}, "img_urls": ["https://images-na.ssl-images-amazon.com/images/I/51%2BYiYfjMTL.jpg", "https://images-na.ssl-images-amazon.com/images/I/51kC%2BB7BwqL.jpg", "https://images-na.ssl-images-amazon.com/images/I/51cKnbwqQ8L.jpg", "https://images-na.ssl-images-amazon.com/images/I/51b16x8rmRL.jpg", "https://images-na.ssl-images-amazon.com/images/I/41Yrf4P8qwL.jpg", "https://images-na.ssl-images-amazon.com/images/I/316kNT1j1uL.jpg"]}