{"name": "6 Pack, Self Adherent Cohesive Tape - 2\" x 5 Yards, (Medium Tan Shade) Self Adhesive Bandage Rolls & Sports Athletic Wrap for Ankle, Wrist, Knee Sprains and Swelling", "unit": "mm", "dimension": {"width": 50.8, "depth": 127.0, "height": 25.4}, "img_urls": ["https://images-na.ssl-images-amazon.com/images/I/61kes3TXCpL.jpg", "https://images-na.ssl-images-amazon.com/images/I/51ETa33J-TL.jpg", "https://images-na.ssl-images-amazon.com/images/I/51Ec8oQmzAL.jpg", "https://images-na.ssl-images-amazon.com/images/I/51PVfKRJpaL.jpg", "https://images-na.ssl-images-amazon.com/images/I/51ipz252tTL.jpg", "https://images-na.ssl-images-amazon.com/images/I/51RWNtxGkKL.jpg", "https://images-na.ssl-images-amazon.com/images/I/51WXPpxmxpL.jpg"]}