{"name": "Adtech Pro80 Hot Glue Gun, Pro 80", "unit": "mm", "dimension": {"width": 304.8, "depth": 54.9, "height": 254.0}, "img_urls": ["https://images-na.ssl-images-amazon.com/images/I/31bxMMhm2UL.jpg", "https://images-na.ssl-images-amazon.com/images/I/41MoTec%2BAgL.jpg", "https://images-na.ssl-images-amazon.com/images/I/51LoqB-eyDL.jpg", "https://images-na.ssl-images-amazon.com/images/I/51uQEC0mhLL.jpg", "https://images-na.ssl-images-amazon.com/images/I/51xy1makgXL.jpg", "https://images-na.ssl-images-amazon.com/images/I/513yakZTSOL.jpg", "https://images-na.ssl-images-amazon.com/images/I/41N9CMoWA5L.jpg"]}