{"name": "Hot Glue Gun, Cobiz Full Size (Not Mini) 60/100W Dual Power High Temp Heavy Duty Melt Glue Gun Kit with 10 Pcs Premium Glue Sticks(0.43'' x 8\") for Arts & Crafts Use,Christmas Decoration/Gifts", "unit": "mm", "dimension": {"width": 226.1, "depth": 226.1, "height": 55.9}, "img_urls": ["https://images-na.ssl-images-amazon.com/images/I/41ooSpHFD%2BL.jpg", "https://images-na.ssl-images-amazon.com/images/I/51cKz2F10XL.jpg", "https://images-na.ssl-images-amazon.com/images/I/51L1czSLG5L.jpg", "https://images-na.ssl-images-amazon.com/images/I/51olMEvLRkL.jpg", "https://images-na.ssl-images-amazon.com/images/I/51mrYed0xhL.jpg", "https://images-na.ssl-images-amazon.com/images/I/61SNKiZlbcL.jpg", "https://images-na.ssl-images-amazon.com/images/I/51A9HEZRuHL.jpg"]}