{"name": "Empty Plastic Caulk Tubes, 11-Ounce (4-Pack); Refillable Sealant Caulking Tubes", "unit": "mm", "dimension": {"width": 292.1, "depth": 203.2, "height": 50.8}, "img_urls": ["https://images-na.ssl-images-amazon.com/images/I/312HfKQVHoL.jpg", "https://images-na.ssl-images-amazon.com/images/I/5184kU6heEL.jpg", "https://images-na.ssl-images-amazon.com/images/I/318-u53BjGL.jpg", "https://images-na.ssl-images-amazon.com/images/I/51Ig7EUxq7L.jpg", "https://images-na.ssl-images-amazon.com/images/I/31z65LkKuFL.jpg", "https://images-na.ssl-images-amazon.com/images/I/41B2UeF0dSL.jpg", "https://images-na.ssl-images-amazon.com/images/I/41RIZFJbMSL.jpg"]}