{"name": "Elite Sportz Tabletop Games for Families. Adults vs The Kids in this Fun Family Game. It's Way More Fun Than it Looks, Quick and Easy to Set-Up and So Compact for Storage or as a Travel Game, Curling", "unit": "mm", "dimension": {"width": 396.0, "depth": 75.9, "height": 73.9}, "img_urls": ["https://images-na.ssl-images-amazon.com/images/I/51GcA7SumcL.jpg", "https://images-na.ssl-images-amazon.com/images/I/51VZgu4AD9L.jpg", "https://images-na.ssl-images-amazon.com/images/I/41k1cRa5SwL.jpg", "https://images-na.ssl-images-amazon.com/images/I/51Hso1hu9qL.jpg", "https://images-na.ssl-images-amazon.com/images/I/51dRcAPpMcL.jpg", "https://images-na.ssl-images-amazon.com/images/I/412kvipSqxL.jpg", "https://images-na.ssl-images-amazon.com/images/I/51XSKCvP7NL.jpg"]}