{"name": "dreambuilderToy Giant 76\" Inflatable Pineapple Pool Party Float Raft Summer Outdoor Swimming Pool Inflatable Floatie Lounge Pool Loungers for Adults & Kids", "unit": "mm", "dimension": {"width": 320.0, "depth": 292.1, "height": 75.9}, "img_urls": ["https://images-na.ssl-images-amazon.com/images/I/51PJy7m7ztL.jpg", "https://images-na.ssl-images-amazon.com/images/I/61YOAC3QRAL.jpg", "https://images-na.ssl-images-amazon.com/images/I/518PbGV7knL.jpg", "https://images-na.ssl-images-amazon.com/images/I/61KEFzG8FCL.jpg", "https://images-na.ssl-images-amazon.com/images/I/61AhZgBIHcL.jpg", "https://images-na.ssl-images-amazon.com/images/I/61fKJ9tEueL.jpg", "https://images-na.ssl-images-amazon.com/images/I/41UkJQHL7jL.jpg"]}