{"name": "TableTop Curling Game and Family Fun Board Games Shuffleboard Pucks with 8 Rolllers Gifts for Kids and Adults Travel Compact Storage", "unit": "mm", "dimension": {"width": 360.7, "depth": 73.7, "height": 73.7}, "img_urls": ["https://images-na.ssl-images-amazon.com/images/I/41Zhpc8plFL.jpg", "https://images-na.ssl-images-amazon.com/images/I/41OL7d%2BzzLL.jpg", "https://images-na.ssl-images-amazon.com/images/I/41DErG0%2BZHL.jpg", "https://images-na.ssl-images-amazon.com/images/I/41ttn4PmuLL.jpg", "https://images-na.ssl-images-amazon.com/images/I/41KidMjx52L.jpg", "https://images-na.ssl-images-amazon.com/images/I/41710RCxeDL.jpg", "https://images-na.ssl-images-amazon.com/images/I/51mlNpeZgvL.jpg"]}