{"name": "Table top Compact Curling Board Game Set and Fun Family Games for Kids and Adults Shuffleboard Pucks with 8 Rollers", "unit": "mm", "dimension": {"width": 358.1, "depth": 68.6, "height": 68.6}, "img_urls": ["https://images-na.ssl-images-amazon.com/images/I/41RvxE3HRTL.jpg", "https://images-na.ssl-images-amazon.com/images/I/41Ey468ekoL.jpg", "https://images-na.ssl-images-amazon.com/images/I/41JpHXz8nML.jpg", "https://images-na.ssl-images-amazon.com/images/I/41%2Bg8wqXnML.jpg", "https://images-na.ssl-images-amazon.com/images/I/41bmRUfygUL.jpg", "https://images-na.ssl-images-amazon.com/images/I/41hWslpijiL.jpg"]}