{"name": "Tabletop Curling, Compact Portable Mini Curling Board Game, Family Games Tabletop Curling Game for Kids and Adults, Fun Kids Games for School/Travel/Office/Best Parent-Child Games Wonder Cool", "unit": "mm", "dimension": {"width": 1199.9, "depth": 279.9, "height": 1.0}, "img_urls": ["https://images-na.ssl-images-amazon.com/images/I/41WMilSVcoL.jpg", "https://images-na.ssl-images-amazon.com/images/I/41gV0cipMZL.jpg", "https://images-na.ssl-images-amazon.com/images/I/41S3h6duatL.jpg", "https://images-na.ssl-images-amazon.com/images/I/41N8sFK6EdL.jpg", "https://images-na.ssl-images-amazon.com/images/I/51ndPAQ8C6L.jpg", "https://images-na.ssl-images-amazon.com/images/I/41xO1wfW7oL.jpg"]}