{"name": "Gorilla 3034505 Hot Glue Sticks, 4 in. Full Size, 45 Count, 2 Pack, 2 Piece", "unit": "mm", "dimension": {"width": 177.8, "depth": 101.6, "height": 127.0}, "img_urls": ["https://images-na.ssl-images-amazon.com/images/I/415yardONfL.jpg", "https://images-na.ssl-images-amazon.com/images/I/41dVE8iAkCL.jpg", "https://images-na.ssl-images-amazon.com/images/I/51-aS7QTB%2BL.jpg", "https://images-na.ssl-images-amazon.com/images/I/51IQrdiFBoL.jpg", "https://images-na.ssl-images-amazon.com/images/I/410BRHqGYEL.jpg", "https://images-na.ssl-images-amazon.com/images/I/41cBI7OIAoL.jpg"]}