{"name": "Petift Colored Glitter Hot Glue Sticks (60pcs)", "unit": "mm", "dimension": {"width": 101.6, "depth": 76.2, "height": 25.4}, "img_urls": ["https://images-na.ssl-images-amazon.com/images/I/61fFCRj2Q7L.jpg", "https://images-na.ssl-images-amazon.com/images/I/41yXcLWRMVL.jpg", "https://images-na.ssl-images-amazon.com/images/I/61%2BaLvvBejL.jpg", "https://images-na.ssl-images-amazon.com/images/I/41e-owKuCKL.jpg", "https://images-na.ssl-images-amazon.com/images/I/51HvrzlD2KL.jpg", "https://images-na.ssl-images-amazon.com/images/I/41%2B2ZVQDucL.jpg", "https://images-na.ssl-images-amazon.com/images/I/51Vim5%2BM6LL.jpg"]}