{"name": "Magicfly Mini Hot Glue Gun Sticks, Huge Pack of 300, 4 Inch Long and 0.27 Inch Diameter Hot Melt Glue Sticks, Compatible with Most Glue Guns, for DIY Craft Projects and Sealing", "unit": "mm", "dimension": {"width": 198.1, "depth": 149.9, "height": 48.3}, "img_urls": ["https://images-na.ssl-images-amazon.com/images/I/41Prx58r9DL.jpg", "https://images-na.ssl-images-amazon.com/images/I/41cHD0wsaTL.jpg", "https://images-na.ssl-images-amazon.com/images/I/41nXJt4En4L.jpg", "https://images-na.ssl-images-amazon.com/images/I/31TWFZ9EFSL.jpg", "https://images-na.ssl-images-amazon.com/images/I/51adQTYdZ-L.jpg", "https://images-na.ssl-images-amazon.com/images/I/51hpv91zA6L.jpg", "https://images-na.ssl-images-amazon.com/images/I/51tgLwnSkQL.jpg"]}