{"name": "Virtue VIO Replacement Paintball Goggle Lens - Fits VIO Ascend/Contour/Extend and XS Masks", "unit": "mm", "dimension": {"width": 180.0, "depth": 150.0, "height": 110.0}, "img_urls": ["https://images-na.ssl-images-amazon.com/images/I/41Cun4V8fEL.jpg", "https://images-na.ssl-images-amazon.com/images/I/41xviBRCX4L.jpg", "https://images-na.ssl-images-amazon.com/images/I/41hxVCPnEyL.jpg", "https://images-na.ssl-images-amazon.com/images/I/41bNzTCChfL.jpg", "https://images-na.ssl-images-amazon.com/images/I/41vsAYxJtuL.jpg", "https://images-na.ssl-images-amazon.com/images/I/51SD97u40uL.jpg"]}