{"name": "Aoglenic Military Tactical Knee Pad Elbow Pad Guard Set,Professional Skate Protective Pads,Advanced Army Combat Airsoft Hunting Paintball Outdoor Sports Safety Gear,Adjustable Straps Gel Cushion", "unit": "mm", "dimension": {"width": 180.3, "depth": 149.9, "height": 59.9}, "img_urls": ["https://images-na.ssl-images-amazon.com/images/I/41L0Vqk%2BoYL.jpg", "https://images-na.ssl-images-amazon.com/images/I/41n23B1ooCL.jpg", "https://images-na.ssl-images-amazon.com/images/I/31CMp0isjAL.jpg", "https://images-na.ssl-images-amazon.com/images/I/41wT2rI%2BykL.jpg", "https://images-na.ssl-images-amazon.com/images/I/41XFeolTRNL.jpg", "https://images-na.ssl-images-amazon.com/images/I/517QkqPxbZL.jpg", "https://images-na.ssl-images-amazon.com/images/I/515dOm3PoUL.jpg"]}