{"name": "NINAT Tactical Paintball Mask, Airsoft Mask Full Face with Lens Goggles Eye Protection for CS Survival Games BBS Shooting and Other Airsoft Safety Mask Paintball Goggles", "unit": "mm", "dimension": {"width": 238.8, "depth": 248.9, "height": 88.9}, "img_urls": ["https://images-na.ssl-images-amazon.com/images/I/41PcaMmg1yL.jpg", "https://images-na.ssl-images-amazon.com/images/I/41qzEjQys7L.jpg", "https://images-na.ssl-images-amazon.com/images/I/41y0XpHTXFL.jpg", "https://images-na.ssl-images-amazon.com/images/I/41zlZxqyssL.jpg"]}