{"name": "3 Face Bandana Seamless Outdoor Microfiber Motorcycle Scarf (Royal Blue)", "unit": "mm", "dimension": {"width": 140.0, "depth": 140.0, "height": 9.9}, "img_urls": ["https://images-na.ssl-images-amazon.com/images/I/41SF1LflEbL.jpg", "https://images-na.ssl-images-amazon.com/images/I/51szEvxF6FL.jpg", "https://images-na.ssl-images-amazon.com/images/I/51EABamZLEL.jpg", "https://images-na.ssl-images-amazon.com/images/I/517dRA0OfPL.jpg", "https://images-na.ssl-images-amazon.com/images/I/51J%2BlL436KL.jpg", "https://images-na.ssl-images-amazon.com/images/I/41H9XC2xbVL.jpg", "https://images-na.ssl-images-amazon.com/images/I/41MFdvj0aLL.jpg"]}