{"name": "Old Town Bonded Leather Photo Album, 2 Pack (2Up, Blue)", "unit": "mm", "dimension": {"width": 241.3, "depth": 40.6, "height": 223.5}, "img_urls": ["https://images-na.ssl-images-amazon.com/images/I/310AJerFC-L.jpg", "https://images-na.ssl-images-amazon.com/images/I/31zaLNsccaL.jpg", "https://images-na.ssl-images-amazon.com/images/I/410g-DbtUGL.jpg", "https://images-na.ssl-images-amazon.com/images/I/41i8aLvUbTL.jpg", "https://images-na.ssl-images-amazon.com/images/I/41mvDpQlcOL.jpg", "https://images-na.ssl-images-amazon.com/images/I/41tqZs%2BPLkL.jpg"]}